"weblink","filename"
"http://www.cpami.gov.tw/chinese/index.php?option=com_filedownload&task=hits&id=2197&Itemid=68","第851次會議紀錄.pdf"
"http://www.cpami.gov.tw/chinese/index.php?option=com_filedownload&task=hits&id=2196&Itemid=68","第850次會議紀錄(第5案及臨時動議尚未確認).pdf"
"http://www.cpami.gov.tw/chinese/index.php?option=com_filedownload&task=hits&id=2194&Itemid=68","第849次會議紀錄.pdf"
"http://www.cpami.gov.tw/chinese/index.php?option=com_filedownload&task=hits&id=2190&Itemid=68","第848次會議紀錄.pdf"
"http://www.cpami.gov.tw/chinese/index.php?option=com_filedownload&task=hits&id=2185&Itemid=68","第847次會議紀錄  (第10案尚未確認).pdf"
"http://www.cpami.gov.tw/chinese/index.php?option=com_filedownload&task=hits&id=2178&Itemid=68","第846次會議紀錄.pdf"
"http://www.cpami.gov.tw/chinese/index.php?option=com_filedownload&task=hits&id=2176&Itemid=68","第845次會議紀錄.pdf"
"http://www.cpami.gov.tw/chinese/index.php?option=com_filedownload&task=hits&id=2172&Itemid=68","第844次會議紀錄.pdf"
"http://www.cpami.gov.tw/chinese/index.php?option=com_filedownload&task=hits&id=2171&Itemid=68","第843次會議紀錄.pdf"
"http://www.cpami.gov.tw/chinese/index.php?option=com_filedownload&task=hits&id=2158&Itemid=68","第842次會議紀錄.pdf"
"http://www.cpami.gov.tw/chinese/index.php?option=com_filedownload&task=hits&id=2152&Itemid=68","第841次會議紀錄.pdf"
"http://www.cpami.gov.tw/chinese/index.php?option=com_filedownload&task=hits&id=2151&Itemid=68","第840次會議紀錄.pdf"
"http://www.cpami.gov.tw/chinese/index.php?option=com_filedownload&task=hits&id=2148&Itemid=68","第839次會議紀錄.pdf"
"http://www.cpami.gov.tw/chinese/index.php?option=com_filedownload&task=hits&id=2146&Itemid=68","第838次會議紀錄.pdf"
"http://www.cpami.gov.tw/chinese/index.php?option=com_filedownload&task=hits&id=2145&Itemid=68","第837次會議紀錄.pdf"
"http://www.cpami.gov.tw/chinese/index.php?option=com_filedownload&task=hits&id=2125&Itemid=68","第836次會議紀錄.pdf"
"http://www.cpami.gov.tw/chinese/index.php?option=com_filedownload&task=hits&id=2112&Itemid=68","第835次會議紀錄.pdf"
"http://www.cpami.gov.tw/chinese/index.php?option=com_filedownload&task=hits&id=2111&Itemid=68","第834次會議紀錄.pdf"
"http://www.cpami.gov.tw/chinese/index.php?option=com_filedownload&task=hits&id=2104&Itemid=68","第833次會議紀錄.pdf"
"http://www.cpami.gov.tw/chinese/index.php?option=com_filedownload&task=hits&id=2096&Itemid=68","第832次會議紀錄.pdf"
"http://www.cpami.gov.tw/chinese/index.php?option=com_filedownload&task=hits&id=2092&Itemid=68","第831次會議紀錄.pdf"
"http://www.cpami.gov.tw/chinese/index.php?option=com_filedownload&task=hits&id=2090&Itemid=68","第830次會議紀錄.pdf"
"http://www.cpami.gov.tw/chinese/index.php?option=com_filedownload&task=hits&id=2086&Itemid=68","第829次會議紀錄.pdf"
"http://www.cpami.gov.tw/chinese/index.php?option=com_filedownload&task=hits&id=2084&Itemid=68","第828次會議紀錄.pdf"
"http://www.cpami.gov.tw/chinese/index.php?option=com_filedownload&task=hits&id=2081&Itemid=68","第827次會議紀錄.pdf"
"http://www.cpami.gov.tw/chinese/index.php?option=com_filedownload&task=hits&id=2080&Itemid=68","第826次會議紀錄.pdf"
"http://www.cpami.gov.tw/chinese/index.php?option=com_filedownload&task=hits&id=2077&Itemid=68","第825次會議紀錄.pdf"
"http://www.cpami.gov.tw/chinese/index.php?option=com_filedownload&task=hits&id=2071&Itemid=68","第824次會議紀錄.pdf"
"http://www.cpami.gov.tw/chinese/index.php?option=com_filedownload&task=hits&id=2063&Itemid=68","第823次會議紀錄.pdf"
"http://www.cpami.gov.tw/chinese/index.php?option=com_filedownload&task=hits&id=2058&Itemid=68","第822次會議紀錄.pdf"
"http://www.cpami.gov.tw/chinese/index.php?option=com_filedownload&task=hits&id=2057&Itemid=68","第821次會議紀錄.pdf"
"http://www.cpami.gov.tw/chinese/index.php?option=com_filedownload&task=hits&id=2056&Itemid=68","第820次會議紀錄.pdf"
"http://www.cpami.gov.tw/chinese/index.php?option=com_filedownload&task=hits&id=2022&Itemid=68","第819次會議紀錄.pdf"
"http://www.cpami.gov.tw/chinese/index.php?option=com_filedownload&task=hits&id=2019&Itemid=68","第818次會議紀錄(續開).pdf"
"http://www.cpami.gov.tw/chinese/index.php?option=com_filedownload&task=hits&id=2018&Itemid=68","第818次會議紀錄.pdf"
"http://www.cpami.gov.tw/chinese/index.php?option=com_filedownload&task=hits&id=2015&Itemid=68","第817次會議紀錄.pdf"
"http://www.cpami.gov.tw/chinese/index.php?option=com_filedownload&task=hits&id=2013&Itemid=68","第816次會議紀錄.pdf"
"http://www.cpami.gov.tw/chinese/index.php?option=com_filedownload&task=hits&id=2012&Itemid=68","第815次會議紀錄.pdf"
"http://www.cpami.gov.tw/chinese/index.php?option=com_filedownload&task=hits&id=2007&Itemid=68","第814次會議紀錄.pdf"
"http://www.cpami.gov.tw/chinese/index.php?option=com_filedownload&task=hits&id=2005&Itemid=68","第813次會議紀錄.pdf"
"http://www.cpami.gov.tw/chinese/index.php?option=com_filedownload&task=hits&id=1988&Itemid=68","第812次會議紀錄.pdf"
"http://www.cpami.gov.tw/chinese/index.php?option=com_filedownload&task=hits&id=1985&Itemid=68","第811次會議紀錄.pdf"
"http://www.cpami.gov.tw/chinese/index.php?option=com_filedownload&task=hits&id=1984&Itemid=68","第810次會議紀錄.pdf"
"http://www.cpami.gov.tw/chinese/index.php?option=com_filedownload&task=hits&id=1983&Itemid=68","第809次會議紀錄.pdf"
"http://www.cpami.gov.tw/chinese/index.php?option=com_filedownload&task=hits&id=1978&Itemid=68","第808次會議紀錄.pdf"
"http://www.cpami.gov.tw/chinese/index.php?option=com_filedownload&task=hits&id=1975&Itemid=68","第807次會議紀錄.pdf"
"http://www.cpami.gov.tw/chinese/index.php?option=com_filedownload&task=hits&id=1970&Itemid=68","第806次會議紀錄.pdf"
"http://www.cpami.gov.tw/chinese/index.php?option=com_filedownload&task=hits&id=1962&Itemid=68","第805次會議紀錄.pdf"
"http://www.cpami.gov.tw/chinese/index.php?option=com_filedownload&task=hits&id=1957&Itemid=68","第804次會議紀錄.pdf"
"http://www.cpami.gov.tw/chinese/index.php?option=com_filedownload&task=hits&id=1953&Itemid=68","第803次會議紀錄.pdf"
"http://www.cpami.gov.tw/chinese/index.php?option=com_filedownload&task=hits&id=1950&Itemid=68","第802次會議紀錄.pdf"
"http://www.cpami.gov.tw/chinese/index.php?option=com_filedownload&task=hits&id=1942&Itemid=68","第801次會議紀錄.pdf"
"http://www.cpami.gov.tw/chinese/index.php?option=com_filedownload&task=hits&id=1941&Itemid=68","第800次會議紀錄.pdf"
"http://www.cpami.gov.tw/chinese/index.php?option=com_filedownload&task=hits&id=1937&Itemid=68","第799次會議紀錄.pdf"
"http://www.cpami.gov.tw/chinese/index.php?option=com_filedownload&task=hits&id=1935&Itemid=68","第798次會議紀錄.pdf"
"http://www.cpami.gov.tw/chinese/index.php?option=com_filedownload&task=hits&id=1934&Itemid=68","第797次會議紀錄.pdf"
"http://www.cpami.gov.tw/chinese/index.php?option=com_filedownload&task=hits&id=1929&Itemid=68","第796次會議紀錄.pdf"
"http://www.cpami.gov.tw/chinese/index.php?option=com_filedownload&task=hits&id=1927&Itemid=68","第795次會議紀錄.pdf"
"http://www.cpami.gov.tw/chinese/index.php?option=com_filedownload&task=hits&id=1917&Itemid=68","第794次會議紀錄.pdf"
"http://www.cpami.gov.tw/chinese/index.php?option=com_filedownload&task=hits&id=1914&Itemid=68","第793次會議紀錄.pdf"
"http://www.cpami.gov.tw/chinese/index.php?option=com_filedownload&task=hits&id=1883&Itemid=68","第792次會議紀錄.pdf"
"http://www.cpami.gov.tw/chinese/index.php?option=com_filedownload&task=hits&id=1879&Itemid=68","第791次會議紀錄.pdf"
"http://www.cpami.gov.tw/chinese/index.php?option=com_filedownload&task=hits&id=1878&Itemid=68","第790次會議紀錄.pdf"
"http://www.cpami.gov.tw/chinese/index.php?option=com_filedownload&task=hits&id=1876&Itemid=68","第789次會議紀錄.pdf"
"http://www.cpami.gov.tw/chinese/index.php?option=com_filedownload&task=hits&id=1870&Itemid=68","第788次會議紀錄.pdf"
"http://www.cpami.gov.tw/chinese/index.php?option=com_filedownload&task=hits&id=1855&Itemid=68","第787次會議紀錄.pdf"
"http://www.cpami.gov.tw/chinese/index.php?option=com_filedownload&task=hits&id=1849&Itemid=68","第786次會議紀錄.pdf"
"http://www.cpami.gov.tw/chinese/index.php?option=com_filedownload&task=hits&id=1846&Itemid=68","第785次會議紀錄.pdf"
"http://www.cpami.gov.tw/chinese/index.php?option=com_filedownload&task=hits&id=1845&Itemid=68","第784次會議紀錄.pdf"
"http://www.cpami.gov.tw/chinese/index.php?option=com_filedownload&task=hits&id=1839&Itemid=68","第783次會議紀錄.pdf"
"http://www.cpami.gov.tw/chinese/index.php?option=com_filedownload&task=hits&id=1828&Itemid=68","第782次會議紀錄.pdf"
"http://www.cpami.gov.tw/chinese/index.php?option=com_filedownload&task=hits&id=1821&Itemid=68","第781次會議紀錄.pdf"
"http://www.cpami.gov.tw/chinese/index.php?option=com_filedownload&task=hits&id=1818&Itemid=68","第780次會議紀錄.pdf"
"http://www.cpami.gov.tw/chinese/index.php?option=com_filedownload&task=hits&id=1802&Itemid=68","第779次會議紀錄.pdf"
"http://www.cpami.gov.tw/chinese/index.php?option=com_filedownload&task=hits&id=1801&Itemid=68","第778次會議紀錄.pdf"
"http://www.cpami.gov.tw/chinese/index.php?option=com_filedownload&task=hits&id=1800&Itemid=68","第777次會議紀錄.pdf"
"http://www.cpami.gov.tw/chinese/index.php?option=com_filedownload&task=hits&id=1776&Itemid=68","第776次會議紀錄.pdf"
"http://www.cpami.gov.tw/chinese/index.php?option=com_filedownload&task=hits&id=1775&Itemid=68","第775次會議紀錄.pdf"
"http://www.cpami.gov.tw/chinese/index.php?option=com_filedownload&task=hits&id=1772&Itemid=68","第774次會議紀錄.pdf"
"http://www.cpami.gov.tw/chinese/index.php?option=com_filedownload&task=hits&id=1771&Itemid=68","第773次會議紀錄.pdf"
"http://www.cpami.gov.tw/chinese/index.php?option=com_filedownload&task=hits&id=1765&Itemid=68","第772次會議紀錄.pdf"
"http://www.cpami.gov.tw/chinese/index.php?option=com_filedownload&task=hits&id=1762&Itemid=68","第771次會議紀錄.pdf"
"http://www.cpami.gov.tw/chinese/index.php?option=com_filedownload&task=hits&id=1754&Itemid=68","第770次會議紀錄.pdf"
"http://www.cpami.gov.tw/chinese/index.php?option=com_filedownload&task=hits&id=1751&Itemid=68","第769次會議紀錄.pdf"
"http://www.cpami.gov.tw/chinese/index.php?option=com_filedownload&task=hits&id=1748&Itemid=68","第768次會議紀錄.pdf"
"http://www.cpami.gov.tw/chinese/index.php?option=com_filedownload&task=hits&id=1745&Itemid=68","第767次會議紀錄.pdf"
"http://www.cpami.gov.tw/chinese/index.php?option=com_filedownload&task=hits&id=1743&Itemid=68","第766次會議紀錄.pdf"
"http://www.cpami.gov.tw/chinese/index.php?option=com_filedownload&task=hits&id=1739&Itemid=68","第765次會議紀錄.pdf"
"http://www.cpami.gov.tw/chinese/index.php?option=com_filedownload&task=hits&id=1715&Itemid=68","第764次會議紀錄.pdf"
"http://www.cpami.gov.tw/chinese/index.php?option=com_filedownload&task=hits&id=1713&Itemid=68","第763次會議紀錄.pdf"
"http://www.cpami.gov.tw/chinese/index.php?option=com_filedownload&task=hits&id=1711&Itemid=68","第762次會議紀錄.pdf"
"http://www.cpami.gov.tw/chinese/index.php?option=com_filedownload&task=hits&id=1708&Itemid=68","第761次會議紀錄.pdf"
"http://www.cpami.gov.tw/chinese/index.php?option=com_filedownload&task=hits&id=1705&Itemid=68","第760次會議紀錄.pdf"
"http://www.cpami.gov.tw/chinese/index.php?option=com_filedownload&task=hits&id=1701&Itemid=68","第759次會議紀錄.pdf"
"http://www.cpami.gov.tw/chinese/index.php?option=com_filedownload&task=hits&id=1692&Itemid=68","第758次會議紀錄.pdf"
"http://www.cpami.gov.tw/chinese/index.php?option=com_filedownload&task=hits&id=1685&Itemid=68","第757次會議紀錄.pdf"
"http://www.cpami.gov.tw/chinese/index.php?option=com_filedownload&task=hits&id=1677&Itemid=68","第756次會議紀錄.pdf"
"http://www.cpami.gov.tw/chinese/index.php?option=com_filedownload&task=hits&id=1674&Itemid=68","第755次會議紀錄.pdf"
"http://www.cpami.gov.tw/chinese/index.php?option=com_filedownload&task=hits&id=1623&Itemid=68","第754次會議紀錄.pdf"
"http://www.cpami.gov.tw/chinese/index.php?option=com_filedownload&task=hits&id=1615&Itemid=68","第753次會議紀錄.pdf"
"http://www.cpami.gov.tw/chinese/index.php?option=com_filedownload&task=hits&id=1609&Itemid=68","第752次會議紀錄.pdf"
"http://www.cpami.gov.tw/chinese/index.php?option=com_filedownload&task=hits&id=1608&Itemid=68","第751次會議紀錄.pdf"
"http://www.cpami.gov.tw/chinese/index.php?option=com_filedownload&task=hits&id=1605&Itemid=68","第750次會議紀錄.pdf"
"http://www.cpami.gov.tw/chinese/index.php?option=com_filedownload&task=hits&id=1602&Itemid=68","第749次會議紀錄.pdf"
"http://www.cpami.gov.tw/chinese/index.php?option=com_filedownload&task=hits&id=1589&Itemid=68","第748次會議紀錄.pdf"
"http://www.cpami.gov.tw/chinese/index.php?option=com_filedownload&task=hits&id=1584&Itemid=68","第747次會議紀錄.pdf"
"http://www.cpami.gov.tw/chinese/index.php?option=com_filedownload&task=hits&id=1582&Itemid=68","第746次會議紀錄.pdf"
"http://www.cpami.gov.tw/chinese/index.php?option=com_filedownload&task=hits&id=1578&Itemid=68","第745次會議紀錄.pdf"
"http://www.cpami.gov.tw/chinese/index.php?option=com_filedownload&task=hits&id=1575&Itemid=68","第744次會議紀錄.pdf"
"http://www.cpami.gov.tw/chinese/index.php?option=com_filedownload&task=hits&id=1566&Itemid=68","第743次會議紀錄.pdf"
"http://www.cpami.gov.tw/chinese/index.php?option=com_filedownload&task=hits&id=1564&Itemid=68","第742次會議紀錄.pdf"
"http://www.cpami.gov.tw/chinese/index.php?option=com_filedownload&task=hits&id=1559&Itemid=68","第741次會議紀錄.pdf"
"http://www.cpami.gov.tw/chinese/index.php?option=com_filedownload&task=hits&id=1557&Itemid=68","第740次會議紀錄.pdf"
"http://www.cpami.gov.tw/chinese/index.php?option=com_filedownload&task=hits&id=1539&Itemid=68","第739次會議紀錄.pdf"
"http://www.cpami.gov.tw/chinese/index.php?option=com_filedownload&task=hits&id=1537&Itemid=68","第738次會議紀錄.pdf"
"http://www.cpami.gov.tw/chinese/index.php?option=com_filedownload&task=hits&id=1526&Itemid=68","第737次會議紀錄.pdf"
"http://www.cpami.gov.tw/chinese/index.php?option=com_filedownload&task=hits&id=1524&Itemid=68","第736次會議紀錄.pdf"
"http://www.cpami.gov.tw/chinese/index.php?option=com_filedownload&task=hits&id=1523&Itemid=68","第735次會議紀錄.pdf"
"http://www.cpami.gov.tw/chinese/index.php?option=com_filedownload&task=hits&id=1507&Itemid=68","第734次會議紀錄.pdf"
"http://www.cpami.gov.tw/chinese/index.php?option=com_filedownload&task=hits&id=1503&Itemid=68","第733次會議紀錄.pdf"
"http://www.cpami.gov.tw/chinese/index.php?option=com_filedownload&task=hits&id=1500&Itemid=68","第732次會議紀錄.pdf"
"http://www.cpami.gov.tw/chinese/index.php?option=com_filedownload&task=hits&id=1502&Itemid=68","第731次會議紀錄.pdf"
"http://www.cpami.gov.tw/chinese/index.php?option=com_filedownload&task=hits&id=1494&Itemid=68","第730次會議紀錄.pdf"
"http://www.cpami.gov.tw/chinese/index.php?option=com_filedownload&task=hits&id=1485&Itemid=68","第729次會議紀錄.pdf"
"http://www.cpami.gov.tw/chinese/index.php?option=com_filedownload&task=hits&id=13&Itemid=68","第728次會議紀錄.pdf"
"http://www.cpami.gov.tw/chinese/index.php?option=com_filedownload&task=hits&id=12&Itemid=68","第727次會議紀錄.pdf"
"http://www.cpami.gov.tw/chinese/index.php?option=com_filedownload&task=hits&id=90&Itemid=68","第726次會議紀錄.pdf"
"http://www.cpami.gov.tw/chinese/index.php?option=com_filedownload&task=hits&id=91&Itemid=68","第725次會議紀錄.pdf"
"http://www.cpami.gov.tw/chinese/index.php?option=com_filedownload&task=hits&id=83&Itemid=68","第724次會議紀錄.pdf"
"http://www.cpami.gov.tw/chinese/index.php?option=com_filedownload&task=hits&id=82&Itemid=68","第723次會議紀錄.pdf"
"http://www.cpami.gov.tw/chinese/index.php?option=com_filedownload&task=hits&id=76&Itemid=68","第722次會議紀錄.pdf"
"http://www.cpami.gov.tw/chinese/index.php?option=com_filedownload&task=hits&id=74&Itemid=68","第721次會議紀錄.pdf"
"http://www.cpami.gov.tw/chinese/index.php?option=com_filedownload&task=hits&id=70&Itemid=68","第720次會議紀錄.pdf"
"http://www.cpami.gov.tw/chinese/index.php?option=com_filedownload&task=hits&id=66&Itemid=68","第719次會議紀錄.pdf"
"http://www.cpami.gov.tw/chinese/index.php?option=com_filedownload&task=hits&id=56&Itemid=68","第718次會議紀錄.pdf"
"http://www.cpami.gov.tw/chinese/index.php?option=com_filedownload&task=hits&id=93&Itemid=68","第717次會議紀錄.pdf"
"http://www.cpami.gov.tw/chinese/index.php?option=com_filedownload&task=hits&id=1477&Itemid=68","第716次會議紀錄.pdf"
"http://www.cpami.gov.tw/chinese/index.php?option=com_filedownload&task=hits&id=1476&Itemid=68","第715次會議紀錄.pdf"
"http://www.cpami.gov.tw/chinese/index.php?option=com_filedownload&task=hits&id=1464&Itemid=68","第714次會議紀錄.pdf"
"http://www.cpami.gov.tw/chinese/index.php?option=com_filedownload&task=hits&id=1463&Itemid=68","第713次會議紀錄.pdf"
"http://www.cpami.gov.tw/chinese/index.php?option=com_filedownload&task=hits&id=1458&Itemid=68","第712次會議紀錄.pdf"
"http://www.cpami.gov.tw/chinese/index.php?option=com_filedownload&task=hits&id=1457&Itemid=68","第711次會議紀錄.pdf"
"http://www.cpami.gov.tw/chinese/index.php?option=com_filedownload&task=hits&id=1454&Itemid=68","第710次會議紀錄.pdf"
"http://www.cpami.gov.tw/chinese/index.php?option=com_filedownload&task=hits&id=1439&Itemid=68","第709次會議紀錄.pdf"
"http://www.cpami.gov.tw/chinese/index.php?option=com_filedownload&task=hits&id=1435&Itemid=68","第708次會議紀錄.pdf"
"http://www.cpami.gov.tw/chinese/index.php?option=com_filedownload&task=hits&id=1431&Itemid=68","第707次會議紀錄.pdf"
"http://www.cpami.gov.tw/chinese/index.php?option=com_filedownload&task=hits&id=1430&Itemid=68","第706次會議紀錄.pdf"
"http://www.cpami.gov.tw/chinese/index.php?option=com_filedownload&task=hits&id=1432&Itemid=68","第705次會議紀錄.pdf"
"http://www.cpami.gov.tw/chinese/index.php?option=com_filedownload&task=hits&id=1415&Itemid=68","第704次會議紀錄.pdf"
"http://www.cpami.gov.tw/chinese/index.php?option=com_filedownload&task=hits&id=1414&Itemid=68","第703次會議紀錄.pdf"
"http://www.cpami.gov.tw/chinese/index.php?option=com_filedownload&task=hits&id=1374&Itemid=68","第702次會議紀錄.pdf"
"http://www.cpami.gov.tw/chinese/index.php?option=com_filedownload&task=hits&id=1332&Itemid=68","第701次會議紀錄.pdf"
"http://www.cpami.gov.tw/chinese/index.php?option=com_filedownload&task=hits&id=1328&Itemid=68","第700次會議紀錄.pdf"
"http://www.cpami.gov.tw/chinese/index.php?option=com_filedownload&task=hits&id=1329&Itemid=68","第699次會議紀錄.pdf"
"http://www.cpami.gov.tw/chinese/index.php?option=com_filedownload&task=hits&id=1314&Itemid=68","第698次會議紀錄.pdf"
"http://www.cpami.gov.tw/chinese/index.php?option=com_filedownload&task=hits&id=1305&Itemid=68","第697次會議紀錄.pdf"
"http://www.cpami.gov.tw/chinese/index.php?option=com_filedownload&task=hits&id=1302&Itemid=68","第696次會議紀錄.pdf"
"http://www.cpami.gov.tw/chinese/index.php?option=com_filedownload&task=hits&id=1301&Itemid=68","第695次會議紀錄.pdf"
"http://www.cpami.gov.tw/chinese/index.php?option=com_filedownload&task=hits&id=1289&Itemid=68","第694次會議紀錄.pdf"
"http://www.cpami.gov.tw/chinese/index.php?option=com_filedownload&task=hits&id=1286&Itemid=68","第693次會議紀錄.pdf"
"http://www.cpami.gov.tw/chinese/index.php?option=com_filedownload&task=hits&id=1279&Itemid=68","第692次會議紀錄.pdf"
"http://www.cpami.gov.tw/chinese/index.php?option=com_filedownload&task=hits&id=1280&Itemid=68","第692次會議紀錄(附件).pdf"
"http://www.cpami.gov.tw/chinese/index.php?option=com_filedownload&task=hits&id=1275&Itemid=68","第691次會議紀錄.pdf"
"http://www.cpami.gov.tw/chinese/index.php?option=com_filedownload&task=hits&id=1270&Itemid=68","第690次會議紀錄.pdf"
"http://www.cpami.gov.tw/chinese/index.php?option=com_filedownload&task=hits&id=1269&Itemid=68","第689次會議紀錄.pdf"
"http://www.cpami.gov.tw/chinese/index.php?option=com_filedownload&task=hits&id=1266&Itemid=68","第688次會議紀錄.pdf"
"http://www.cpami.gov.tw/chinese/index.php?option=com_filedownload&task=hits&id=1257&Itemid=68","第687次會議紀錄.pdf"
"http://www.cpami.gov.tw/chinese/index.php?option=com_filedownload&task=hits&id=1254&Itemid=68","第686次會議紀錄.pdf"
"http://www.cpami.gov.tw/chinese/index.php?option=com_filedownload&task=hits&id=1246&Itemid=68","第685次會議紀錄.pdf"
"http://www.cpami.gov.tw/chinese/index.php?option=com_filedownload&task=hits&id=1243&Itemid=68","第684次會議紀錄.pdf"
"http://www.cpami.gov.tw/chinese/index.php?option=com_filedownload&task=hits&id=1242&Itemid=68","第683次會議紀錄.pdf"
"http://www.cpami.gov.tw/chinese/index.php?option=com_filedownload&task=hits&id=1237&Itemid=68","第682次會議紀錄.pdf"
"http://www.cpami.gov.tw/chinese/index.php?option=com_filedownload&task=hits&id=1235&Itemid=68","第681次會議紀錄.pdf"
"http://www.cpami.gov.tw/chinese/index.php?option=com_filedownload&task=hits&id=1229&Itemid=68","第680次會議紀錄.pdf"
"http://www.cpami.gov.tw/chinese/index.php?option=com_filedownload&task=hits&id=1168&Itemid=68","第679次會議紀錄.pdf"
"http://www.cpami.gov.tw/chinese/index.php?option=com_filedownload&task=hits&id=1164&Itemid=68","第678次會議紀錄.pdf"
"http://www.cpami.gov.tw/chinese/index.php?option=com_filedownload&task=hits&id=1165&Itemid=68","第678次會議紀錄(林口案).pdf"
"http://www.cpami.gov.tw/chinese/index.php?option=com_filedownload&task=hits&id=1159&Itemid=68","第677次會議紀錄.pdf"
"http://www.cpami.gov.tw/chinese/index.php?option=com_filedownload&task=hits&id=503&Itemid=68","第676次會議紀錄.pdf"
"http://www.cpami.gov.tw/chinese/index.php?option=com_filedownload&task=hits&id=499&Itemid=68","第675次會議紀錄.pdf"
"http://www.cpami.gov.tw/chinese/index.php?option=com_filedownload&task=hits&id=490&Itemid=68","第674次會議紀錄.pdf"
"http://www.cpami.gov.tw/chinese/index.php?option=com_filedownload&task=hits&id=488&Itemid=68","第673次會議紀錄.pdf"
"http://www.cpami.gov.tw/chinese/index.php?option=com_filedownload&task=hits&id=238&Itemid=68","第672次會議紀錄.pdf"
"http://www.cpami.gov.tw/chinese/index.php?option=com_filedownload&task=hits&id=239&Itemid=68","第671次會議紀錄.pdf"
"http://www.cpami.gov.tw/chinese/index.php?option=com_filedownload&task=hits&id=217&Itemid=68","第670次會議紀錄.pdf"
"http://www.cpami.gov.tw/chinese/index.php?option=com_filedownload&task=hits&id=218&Itemid=68","第669次會議紀錄.pdf"
"http://www.cpami.gov.tw/chinese/index.php?option=com_filedownload&task=hits&id=219&Itemid=68","第668次會議紀錄.pdf"
"http://www.cpami.gov.tw/chinese/index.php?option=com_filedownload&task=hits&id=220&Itemid=68","第667次會議紀錄.pdf"
"http://www.cpami.gov.tw/chinese/index.php?option=com_filedownload&task=hits&id=221&Itemid=68","第666次會議紀錄.pdf"
"http://www.cpami.gov.tw/chinese/index.php?option=com_filedownload&task=hits&id=222&Itemid=68","第665次會議紀錄.pdf"
"http://www.cpami.gov.tw/chinese/index.php?option=com_filedownload&task=hits&id=223&Itemid=68","第664次會議紀錄.pdf"
"http://www.cpami.gov.tw/chinese/index.php?option=com_filedownload&task=hits&id=224&Itemid=68","第663次會議紀錄.pdf"
"http://www.cpami.gov.tw/chinese/index.php?option=com_filedownload&task=hits&id=225&Itemid=68","第662次會議紀錄.pdf"
"http://www.cpami.gov.tw/chinese/index.php?option=com_filedownload&task=hits&id=226&Itemid=68","第661次會議紀錄.pdf"
"http://www.cpami.gov.tw/chinese/index.php?option=com_filedownload&task=hits&id=227&Itemid=68","第660次會議紀錄.pdf"
"http://www.cpami.gov.tw/chinese/index.php?option=com_filedownload&task=hits&id=228&Itemid=68","第659次會議紀錄.pdf"
"http://www.cpami.gov.tw/chinese/index.php?option=com_filedownload&task=hits&id=229&Itemid=68","第658次會議紀錄.pdf"
"http://www.cpami.gov.tw/chinese/index.php?option=com_filedownload&task=hits&id=230&Itemid=68","第657次會議紀錄.pdf"
"http://www.cpami.gov.tw/chinese/index.php?option=com_filedownload&task=hits&id=231&Itemid=68","第656次會議紀錄.pdf"
"http://www.cpami.gov.tw/chinese/index.php?option=com_filedownload&task=hits&id=233&Itemid=68","第654次會議紀錄.pdf"
"http://www.cpami.gov.tw/chinese/index.php?option=com_filedownload&task=hits&id=232&Itemid=68","第655次會議紀錄.pdf"
"http://www.cpami.gov.tw/chinese/index.php?option=com_filedownload&task=hits&id=234&Itemid=68","第653次會議紀錄.pdf"
"http://www.cpami.gov.tw/chinese/index.php?option=com_filedownload&task=hits&id=235&Itemid=68","第652次會議紀錄.pdf"
"http://www.cpami.gov.tw/chinese/index.php?option=com_filedownload&task=hits&id=236&Itemid=68","第651次會議紀錄.pdf"
"http://www.cpami.gov.tw/chinese/index.php?option=com_filedownload&task=hits&id=237&Itemid=68","第650次會議紀錄.pdf"
"http://www.cpami.gov.tw/chinese/index.php?option=com_filedownload&task=hits&id=1152&Itemid=68","第649次會議紀錄.pdf"
"http://www.cpami.gov.tw/chinese/index.php?option=com_filedownload&task=hits&id=1151&Itemid=68","第648次會議紀錄.pdf"
"http://www.cpami.gov.tw/chinese/index.php?option=com_filedownload&task=hits&id=1150&Itemid=68","第647次會議紀錄.pdf"
"http://www.cpami.gov.tw/chinese/index.php?option=com_filedownload&task=hits&id=1149&Itemid=68","第646次會議紀錄.pdf"
"http://www.cpami.gov.tw/chinese/index.php?option=com_filedownload&task=hits&id=1148&Itemid=68","第645次會議紀錄.pdf"
"http://www.cpami.gov.tw/chinese/index.php?option=com_filedownload&task=hits&id=1147&Itemid=68","第644次會議紀錄.pdf"
"http://www.cpami.gov.tw/chinese/index.php?option=com_filedownload&task=hits&id=1146&Itemid=68","第643次會議紀錄.pdf"
"http://www.cpami.gov.tw/chinese/index.php?option=com_filedownload&task=hits&id=1145&Itemid=68","第642次會議紀錄.pdf"
"http://www.cpami.gov.tw/chinese/index.php?option=com_filedownload&task=hits&id=1144&Itemid=68","第641次會議紀錄.pdf"
"http://www.cpami.gov.tw/chinese/index.php?option=com_filedownload&task=hits&id=1143&Itemid=68","第640次會議紀錄.pdf"
"http://www.cpami.gov.tw/chinese/index.php?option=com_filedownload&task=hits&id=1142&Itemid=68","第639次會議紀錄.pdf"
"http://www.cpami.gov.tw/chinese/index.php?option=com_filedownload&task=hits&id=1141&Itemid=68","第638次會議紀錄.pdf"
"http://www.cpami.gov.tw/chinese/index.php?option=com_filedownload&task=hits&id=1140&Itemid=68","第637次會議紀錄.pdf"
"http://www.cpami.gov.tw/chinese/index.php?option=com_filedownload&task=hits&id=1139&Itemid=68","第636次會議紀錄.pdf"
"http://www.cpami.gov.tw/chinese/index.php?option=com_filedownload&task=hits&id=1138&Itemid=68","第635次會議紀錄.pdf"
"http://www.cpami.gov.tw/chinese/index.php?option=com_filedownload&task=hits&id=1137&Itemid=68","第634次會議紀錄.pdf"
"http://www.cpami.gov.tw/chinese/index.php?option=com_filedownload&task=hits&id=1136&Itemid=68","第633次會議紀錄.pdf"
"http://www.cpami.gov.tw/chinese/index.php?option=com_filedownload&task=hits&id=1135&Itemid=68","第632次會議紀錄.pdf"
"http://www.cpami.gov.tw/chinese/index.php?option=com_filedownload&task=hits&id=1134&Itemid=68","第631次會議紀錄.pdf"
"http://www.cpami.gov.tw/chinese/index.php?option=com_filedownload&task=hits&id=1133&Itemid=68","第630次會議紀錄.pdf"
"http://www.cpami.gov.tw/chinese/index.php?option=com_filedownload&task=hits&id=1132&Itemid=68","第629次會議紀錄.pdf"
"http://www.cpami.gov.tw/chinese/index.php?option=com_filedownload&task=hits&id=1131&Itemid=68","第628次會議紀錄.pdf"
"http://www.cpami.gov.tw/chinese/index.php?option=com_filedownload&task=hits&id=1130&Itemid=68","第627次會議紀錄.pdf"
"http://www.cpami.gov.tw/chinese/index.php?option=com_filedownload&task=hits&id=1129&Itemid=68","第626次會議紀錄.pdf"
"http://www.cpami.gov.tw/chinese/index.php?option=com_filedownload&task=hits&id=1128&Itemid=68","第625次會議紀錄.pdf"
"http://www.cpami.gov.tw/chinese/index.php?option=com_filedownload&task=hits&id=1127&Itemid=68","第624次會議紀錄.pdf"
"http://www.cpami.gov.tw/chinese/index.php?option=com_filedownload&task=hits&id=1126&Itemid=68","第623次會議紀錄.doc"
"http://www.cpami.gov.tw/chinese/index.php?option=com_filedownload&task=hits&id=1125&Itemid=68","第622次會議紀錄.doc"
"http://www.cpami.gov.tw/chinese/index.php?option=com_filedownload&task=hits&id=1124&Itemid=68","第621次會議紀錄.doc"
"http://www.cpami.gov.tw/chinese/index.php?option=com_filedownload&task=hits&id=1123&Itemid=68","第620次會議紀錄.doc"
"http://www.cpami.gov.tw/chinese/index.php?option=com_filedownload&task=hits&id=1122&Itemid=68","第619次會議紀錄.doc"
"http://www.cpami.gov.tw/chinese/index.php?option=com_filedownload&task=hits&id=1121&Itemid=68","第618次會議紀錄.doc"
"http://www.cpami.gov.tw/chinese/index.php?option=com_filedownload&task=hits&id=1120&Itemid=68","第617次會議紀錄.doc"
"http://www.cpami.gov.tw/chinese/index.php?option=com_filedownload&task=hits&id=1119&Itemid=68","第616次會議紀錄.doc"
"http://www.cpami.gov.tw/chinese/index.php?option=com_filedownload&task=hits&id=1118&Itemid=68","第615次會議紀錄.doc"
"http://www.cpami.gov.tw/chinese/index.php?option=com_filedownload&task=hits&id=1117&Itemid=68","第614次會議紀錄.doc"
"http://www.cpami.gov.tw/chinese/index.php?option=com_filedownload&task=hits&id=1116&Itemid=68","第613次會議紀錄.doc"
"http://www.cpami.gov.tw/chinese/index.php?option=com_filedownload&task=hits&id=1115&Itemid=68","第612次會議紀錄.doc"
"http://www.cpami.gov.tw/chinese/index.php?option=com_filedownload&task=hits&id=1114&Itemid=68","第611次會議紀錄.doc"
"http://www.cpami.gov.tw/chinese/index.php?option=com_filedownload&task=hits&id=1113&Itemid=68","第610次會議紀錄.doc"
"http://www.cpami.gov.tw/chinese/index.php?option=com_filedownload&task=hits&id=1112&Itemid=68","第609次會議紀錄.doc"
"http://www.cpami.gov.tw/chinese/index.php?option=com_filedownload&task=hits&id=1111&Itemid=68","第608次會議紀錄.doc"
"http://www.cpami.gov.tw/chinese/index.php?option=com_filedownload&task=hits&id=1110&Itemid=68","第607次會議紀錄.doc"
"http://www.cpami.gov.tw/chinese/index.php?option=com_filedownload&task=hits&id=1109&Itemid=68","第606次會議紀錄.doc"
"http://www.cpami.gov.tw/chinese/index.php?option=com_filedownload&task=hits&id=1108&Itemid=68","第605次會議紀錄.doc"
"http://www.cpami.gov.tw/chinese/index.php?option=com_filedownload&task=hits&id=1107&Itemid=68","第604次會議紀錄.doc"
"http://www.cpami.gov.tw/chinese/index.php?option=com_filedownload&task=hits&id=1106&Itemid=68","第603次會議紀錄.doc"
"http://www.cpami.gov.tw/chinese/index.php?option=com_filedownload&task=hits&id=1105&Itemid=68","第602次會議紀錄.doc"
"http://www.cpami.gov.tw/chinese/index.php?option=com_filedownload&task=hits&id=1104&Itemid=68","第601次會議紀錄.doc"
"http://www.cpami.gov.tw/chinese/index.php?option=com_filedownload&task=hits&id=1103&Itemid=68","第600次會議紀錄.doc"
"http://www.cpami.gov.tw/chinese/index.php?option=com_filedownload&task=hits&id=1102&Itemid=68","第599次會議紀錄.doc"
"http://www.cpami.gov.tw/chinese/index.php?option=com_filedownload&task=hits&id=1101&Itemid=68","第598次會議紀錄.doc"
"http://www.cpami.gov.tw/chinese/index.php?option=com_filedownload&task=hits&id=1100&Itemid=68","第597次會議紀錄.doc"
"http://www.cpami.gov.tw/chinese/index.php?option=com_filedownload&task=hits&id=1099&Itemid=68","第596次會議紀錄.doc"
"http://www.cpami.gov.tw/chinese/index.php?option=com_filedownload&task=hits&id=1098&Itemid=68","第595次會議紀錄.doc"
"http://www.cpami.gov.tw/chinese/index.php?option=com_filedownload&task=hits&id=1097&Itemid=68","第594次會議紀錄.doc"
"http://www.cpami.gov.tw/chinese/index.php?option=com_filedownload&task=hits&id=1096&Itemid=68","第593次會議紀錄.doc"
"http://www.cpami.gov.tw/chinese/index.php?option=com_filedownload&task=hits&id=1095&Itemid=68","第592次會議紀錄.doc"
"http://www.cpami.gov.tw/chinese/index.php?option=com_filedownload&task=hits&id=1094&Itemid=68","第591次會議紀錄.doc"
"http://www.cpami.gov.tw/chinese/index.php?option=com_filedownload&task=hits&id=1093&Itemid=68","第590次會議紀錄.doc"
"http://www.cpami.gov.tw/chinese/index.php?option=com_filedownload&task=hits&id=1092&Itemid=68","第589次會議紀錄.doc"
"http://www.cpami.gov.tw/chinese/index.php?option=com_filedownload&task=hits&id=1091&Itemid=68","第588次會議紀錄.doc"
"http://www.cpami.gov.tw/chinese/index.php?option=com_filedownload&task=hits&id=1090&Itemid=68","第587次會議紀錄.doc"
"http://www.cpami.gov.tw/chinese/index.php?option=com_filedownload&task=hits&id=1089&Itemid=68","第586次會議紀錄.doc"
"http://www.cpami.gov.tw/chinese/index.php?option=com_filedownload&task=hits&id=1088&Itemid=68","第585次會議紀錄.doc"
"http://www.cpami.gov.tw/chinese/index.php?option=com_filedownload&task=hits&id=1087&Itemid=68","第584次會議紀錄.doc"
"http://www.cpami.gov.tw/chinese/index.php?option=com_filedownload&task=hits&id=1086&Itemid=68","第583次會議紀錄.doc"
"http://www.cpami.gov.tw/chinese/index.php?option=com_filedownload&task=hits&id=1085&Itemid=68","第582次會議紀錄.doc"
"http://www.cpami.gov.tw/chinese/index.php?option=com_filedownload&task=hits&id=1084&Itemid=68","第581次會議紀錄.doc"
"http://www.cpami.gov.tw/chinese/index.php?option=com_filedownload&task=hits&id=1083&Itemid=68","第580次會議紀錄.doc"
"http://www.cpami.gov.tw/chinese/index.php?option=com_filedownload&task=hits&id=1082&Itemid=68","第579次會議紀錄.doc"
"http://www.cpami.gov.tw/chinese/index.php?option=com_filedownload&task=hits&id=1081&Itemid=68","第578次會議紀錄.doc"
"http://www.cpami.gov.tw/chinese/index.php?option=com_filedownload&task=hits&id=1080&Itemid=68","第577次會議紀錄.doc"
"http://www.cpami.gov.tw/chinese/index.php?option=com_filedownload&task=hits&id=1079&Itemid=68","第576次會議紀錄.doc"
"http://www.cpami.gov.tw/chinese/index.php?option=com_filedownload&task=hits&id=1078&Itemid=68","第575次會議紀錄.doc"
"http://www.cpami.gov.tw/chinese/index.php?option=com_filedownload&task=hits&id=1077&Itemid=68","第574次會議紀錄.doc"
"http://www.cpami.gov.tw/chinese/index.php?option=com_filedownload&task=hits&id=1076&Itemid=68","第573次會議紀錄.doc"
"http://www.cpami.gov.tw/chinese/index.php?option=com_filedownload&task=hits&id=1075&Itemid=68","第572次會議紀錄.doc"
"http://www.cpami.gov.tw/chinese/index.php?option=com_filedownload&task=hits&id=1074&Itemid=68","第571次會議紀錄.doc"
"http://www.cpami.gov.tw/chinese/index.php?option=com_filedownload&task=hits&id=1073&Itemid=68","第570次會議紀錄.doc"
"http://www.cpami.gov.tw/chinese/index.php?option=com_filedownload&task=hits&id=1072&Itemid=68","第569次會議紀錄.doc"
"http://www.cpami.gov.tw/chinese/index.php?option=com_filedownload&task=hits&id=1071&Itemid=68","第568次會議紀錄.doc"
"http://www.cpami.gov.tw/chinese/index.php?option=com_filedownload&task=hits&id=1070&Itemid=68","第567次會議紀錄.doc"
"http://www.cpami.gov.tw/chinese/index.php?option=com_filedownload&task=hits&id=1069&Itemid=68","第566次會議紀錄.doc"
"http://www.cpami.gov.tw/chinese/index.php?option=com_filedownload&task=hits&id=1068&Itemid=68","第565次會議紀錄.doc"
"http://www.cpami.gov.tw/chinese/index.php?option=com_filedownload&task=hits&id=1067&Itemid=68","第564次會議紀錄.doc"
"http://www.cpami.gov.tw/chinese/index.php?option=com_filedownload&task=hits&id=1066&Itemid=68","第563次會議紀錄.doc"
"http://www.cpami.gov.tw/chinese/index.php?option=com_filedownload&task=hits&id=1065&Itemid=68","第562次會議紀錄.doc"
"http://www.cpami.gov.tw/chinese/index.php?option=com_filedownload&task=hits&id=1064&Itemid=68","第561次會議紀錄.doc"
"http://www.cpami.gov.tw/chinese/index.php?option=com_filedownload&task=hits&id=1063&Itemid=68","第560次會議紀錄.doc"
"http://www.cpami.gov.tw/chinese/index.php?option=com_filedownload&task=hits&id=1062&Itemid=68","第559次會議紀錄.doc"
"http://www.cpami.gov.tw/chinese/index.php?option=com_filedownload&task=hits&id=1061&Itemid=68","第558次會議紀錄.doc"
"http://www.cpami.gov.tw/chinese/index.php?option=com_filedownload&task=hits&id=1060&Itemid=68","第557次會議紀錄.doc"
"http://www.cpami.gov.tw/chinese/index.php?option=com_filedownload&task=hits&id=1059&Itemid=68","第556次會議紀錄.doc"
"http://www.cpami.gov.tw/chinese/index.php?option=com_filedownload&task=hits&id=1058&Itemid=68","第555次會議紀錄.doc"
"http://www.cpami.gov.tw/chinese/index.php?option=com_filedownload&task=hits&id=1057&Itemid=68","第554次會議紀錄.doc"
"http://www.cpami.gov.tw/chinese/index.php?option=com_filedownload&task=hits&id=1056&Itemid=68","第553次會議紀錄.doc"
"http://www.cpami.gov.tw/chinese/index.php?option=com_filedownload&task=hits&id=1055&Itemid=68","第552次會議紀錄.doc"
"http://www.cpami.gov.tw/chinese/index.php?option=com_filedownload&task=hits&id=1054&Itemid=68","第551次會議紀錄.doc"
"http://www.cpami.gov.tw/chinese/index.php?option=com_filedownload&task=hits&id=1053&Itemid=68","第550次會議紀錄.doc"
"http://www.cpami.gov.tw/chinese/index.php?option=com_filedownload&task=hits&id=1052&Itemid=68","第549次會議紀錄.doc"
"http://www.cpami.gov.tw/chinese/index.php?option=com_filedownload&task=hits&id=1051&Itemid=68","第548次會議紀錄.doc"
"http://www.cpami.gov.tw/chinese/index.php?option=com_filedownload&task=hits&id=1050&Itemid=68","第547次會議紀錄.doc"
"http://www.cpami.gov.tw/chinese/index.php?option=com_filedownload&task=hits&id=1049&Itemid=68","第546次會議紀錄.doc"
"http://www.cpami.gov.tw/chinese/index.php?option=com_filedownload&task=hits&id=1048&Itemid=68","第545次會議紀錄.doc"
"http://www.cpami.gov.tw/chinese/index.php?option=com_filedownload&task=hits&id=1047&Itemid=68","第544次會議紀錄.doc"
"http://www.cpami.gov.tw/chinese/index.php?option=com_filedownload&task=hits&id=1046&Itemid=68","第543次會議紀錄.doc"
"http://www.cpami.gov.tw/chinese/index.php?option=com_filedownload&task=hits&id=1045&Itemid=68","第542次會議紀錄.doc"
"http://www.cpami.gov.tw/chinese/index.php?option=com_filedownload&task=hits&id=1044&Itemid=68","第541次會議紀錄.doc"
"http://www.cpami.gov.tw/chinese/index.php?option=com_filedownload&task=hits&id=1043&Itemid=68","第540次會議紀錄.doc"
"http://www.cpami.gov.tw/chinese/index.php?option=com_filedownload&task=hits&id=1042&Itemid=68","第539次會議紀錄.doc"
"http://www.cpami.gov.tw/chinese/index.php?option=com_filedownload&task=hits&id=1041&Itemid=68","第538次會議紀錄.doc"
"http://www.cpami.gov.tw/chinese/index.php?option=com_filedownload&task=hits&id=1040&Itemid=68","第537次會議紀錄.doc"
"http://www.cpami.gov.tw/chinese/index.php?option=com_filedownload&task=hits&id=1039&Itemid=68","第536次會議紀錄.doc"
"http://www.cpami.gov.tw/chinese/index.php?option=com_filedownload&task=hits&id=1038&Itemid=68","第535次會議紀錄.doc"
"http://www.cpami.gov.tw/chinese/index.php?option=com_filedownload&task=hits&id=1037&Itemid=68","第534次會議紀錄.doc"
"http://www.cpami.gov.tw/chinese/index.php?option=com_filedownload&task=hits&id=1036&Itemid=68","第533次會議紀錄.doc"
"http://www.cpami.gov.tw/chinese/index.php?option=com_filedownload&task=hits&id=1035&Itemid=68","第532次會議紀錄.doc"
"http://www.cpami.gov.tw/chinese/index.php?option=com_filedownload&task=hits&id=1034&Itemid=68","第531次會議紀錄.doc"
"http://www.cpami.gov.tw/chinese/index.php?option=com_filedownload&task=hits&id=1033&Itemid=68","第530次會議紀錄.doc"
"http://www.cpami.gov.tw/chinese/index.php?option=com_filedownload&task=hits&id=1032&Itemid=68","第529次會議紀錄.doc"
"http://www.cpami.gov.tw/chinese/index.php?option=com_filedownload&task=hits&id=1031&Itemid=68","第528次會議紀錄.doc"
"http://www.cpami.gov.tw/chinese/index.php?option=com_filedownload&task=hits&id=1030&Itemid=68","第527次會議紀錄.doc"
"http://www.cpami.gov.tw/chinese/index.php?option=com_filedownload&task=hits&id=1029&Itemid=68","第526次會議紀錄.doc"
"http://www.cpami.gov.tw/chinese/index.php?option=com_filedownload&task=hits&id=1028&Itemid=68","第525次會議紀錄.doc"
"http://www.cpami.gov.tw/chinese/index.php?option=com_filedownload&task=hits&id=1027&Itemid=68","第524次會議紀錄.doc"
"http://www.cpami.gov.tw/chinese/index.php?option=com_filedownload&task=hits&id=1026&Itemid=68","第523次會議紀錄.doc"
"http://www.cpami.gov.tw/chinese/index.php?option=com_filedownload&task=hits&id=1025&Itemid=68","第522次會議紀錄.doc"
"http://www.cpami.gov.tw/chinese/index.php?option=com_filedownload&task=hits&id=1024&Itemid=68","第521次會議紀錄.doc"
"http://www.cpami.gov.tw/chinese/index.php?option=com_filedownload&task=hits&id=1023&Itemid=68","第520次會議紀錄.doc"
"http://www.cpami.gov.tw/chinese/index.php?option=com_filedownload&task=hits&id=1022&Itemid=68","第519次會議紀錄.doc"
"http://www.cpami.gov.tw/chinese/index.php?option=com_filedownload&task=hits&id=1021&Itemid=68","第518次會議紀錄.doc"
"http://www.cpami.gov.tw/chinese/index.php?option=com_filedownload&task=hits&id=1020&Itemid=68","第517次會議紀錄.doc"
"http://www.cpami.gov.tw/chinese/index.php?option=com_filedownload&task=hits&id=1019&Itemid=68","第516次會議紀錄.doc"
"http://www.cpami.gov.tw/chinese/index.php?option=com_filedownload&task=hits&id=1018&Itemid=68","第515次會議紀錄.doc"
"http://www.cpami.gov.tw/chinese/index.php?option=com_filedownload&task=hits&id=1017&Itemid=68","第514次會議紀錄.doc"
"http://www.cpami.gov.tw/chinese/index.php?option=com_filedownload&task=hits&id=1016&Itemid=68","第513次會議紀錄.doc"
"http://www.cpami.gov.tw/chinese/index.php?option=com_filedownload&task=hits&id=1015&Itemid=68","第512次會議紀錄.doc"
"http://www.cpami.gov.tw/chinese/index.php?option=com_filedownload&task=hits&id=1014&Itemid=68","第511次會議紀錄.doc"
"http://www.cpami.gov.tw/chinese/index.php?option=com_filedownload&task=hits&id=1013&Itemid=68","第510次會議紀錄.doc"
"http://www.cpami.gov.tw/chinese/index.php?option=com_filedownload&task=hits&id=1012&Itemid=68","第509次會議紀錄.doc"
"http://www.cpami.gov.tw/chinese/index.php?option=com_filedownload&task=hits&id=1011&Itemid=68","第508次會議紀錄.doc"
"http://www.cpami.gov.tw/chinese/index.php?option=com_filedownload&task=hits&id=1010&Itemid=68","第507次會議紀錄(無)."
"http://www.cpami.gov.tw/chinese/index.php?option=com_filedownload&task=hits&id=1009&Itemid=68","第506次會議紀錄.doc"
"http://www.cpami.gov.tw/chinese/index.php?option=com_filedownload&task=hits&id=1008&Itemid=68","第505次會議紀錄.doc"
"http://www.cpami.gov.tw/chinese/index.php?option=com_filedownload&task=hits&id=1007&Itemid=68","第504次會議紀錄.doc"
"http://www.cpami.gov.tw/chinese/index.php?option=com_filedownload&task=hits&id=1006&Itemid=68","第503次會議紀錄.doc"
"http://www.cpami.gov.tw/chinese/index.php?option=com_filedownload&task=hits&id=1005&Itemid=68","第502次會議紀錄.doc"
"http://www.cpami.gov.tw/chinese/index.php?option=com_filedownload&task=hits&id=1004&Itemid=68","第501次會議紀錄.doc"
"http://www.cpami.gov.tw/chinese/index.php?option=com_filedownload&task=hits&id=1003&Itemid=68","第500次會議紀錄.doc"
"http://www.cpami.gov.tw/chinese/index.php?option=com_filedownload&task=hits&id=1002&Itemid=68","第499次會議紀錄.doc"
"http://www.cpami.gov.tw/chinese/index.php?option=com_filedownload&task=hits&id=1001&Itemid=68","第498次會議紀錄.doc"
"http://www.cpami.gov.tw/chinese/index.php?option=com_filedownload&task=hits&id=1000&Itemid=68","第497次會議紀錄.doc"
"http://www.cpami.gov.tw/chinese/index.php?option=com_filedownload&task=hits&id=999&Itemid=68","第496次會議紀錄.doc"
"http://www.cpami.gov.tw/chinese/index.php?option=com_filedownload&task=hits&id=998&Itemid=68","第495次會議紀錄.doc"
"http://www.cpami.gov.tw/chinese/index.php?option=com_filedownload&task=hits&id=997&Itemid=68","第494次會議紀錄.doc"
"http://www.cpami.gov.tw/chinese/index.php?option=com_filedownload&task=hits&id=996&Itemid=68","第493次會議紀錄.doc"
"http://www.cpami.gov.tw/chinese/index.php?option=com_filedownload&task=hits&id=995&Itemid=68","第492次會議紀錄.doc"
"http://www.cpami.gov.tw/chinese/index.php?option=com_filedownload&task=hits&id=994&Itemid=68","第491次會議紀錄.doc"
"http://www.cpami.gov.tw/chinese/index.php?option=com_filedownload&task=hits&id=993&Itemid=68","第490次會議紀錄.doc"
"http://www.cpami.gov.tw/chinese/index.php?option=com_filedownload&task=hits&id=992&Itemid=68","第489次會議紀錄.doc"
"http://www.cpami.gov.tw/chinese/index.php?option=com_filedownload&task=hits&id=991&Itemid=68","第488次會議紀錄.doc"
"http://www.cpami.gov.tw/chinese/index.php?option=com_filedownload&task=hits&id=990&Itemid=68","第487次會議紀錄.doc"
"http://www.cpami.gov.tw/chinese/index.php?option=com_filedownload&task=hits&id=989&Itemid=68","第486次會議紀錄.doc"
"http://www.cpami.gov.tw/chinese/index.php?option=com_filedownload&task=hits&id=988&Itemid=68","第485次會議紀錄.doc"
"http://www.cpami.gov.tw/chinese/index.php?option=com_filedownload&task=hits&id=987&Itemid=68","第484次會議紀錄.doc"
"http://www.cpami.gov.tw/chinese/index.php?option=com_filedownload&task=hits&id=986&Itemid=68","第483次會議紀錄.doc"
"http://www.cpami.gov.tw/chinese/index.php?option=com_filedownload&task=hits&id=985&Itemid=68","第482次會議紀錄.doc"
"http://www.cpami.gov.tw/chinese/index.php?option=com_filedownload&task=hits&id=984&Itemid=68","第481次會議紀錄.doc"
"http://www.cpami.gov.tw/chinese/index.php?option=com_filedownload&task=hits&id=983&Itemid=68","第480次會議紀錄.doc"
"http://www.cpami.gov.tw/chinese/index.php?option=com_filedownload&task=hits&id=982&Itemid=68","第479次會議紀錄.doc"
"http://www.cpami.gov.tw/chinese/index.php?option=com_filedownload&task=hits&id=981&Itemid=68","第478次會議紀錄.doc"
"http://www.cpami.gov.tw/chinese/index.php?option=com_filedownload&task=hits&id=980&Itemid=68","第477次會議紀錄.doc"
"http://www.cpami.gov.tw/chinese/index.php?option=com_filedownload&task=hits&id=979&Itemid=68","第476次會議紀錄.doc"
"http://www.cpami.gov.tw/chinese/index.php?option=com_filedownload&task=hits&id=978&Itemid=68","第475次會議紀錄.doc"
"http://www.cpami.gov.tw/chinese/index.php?option=com_filedownload&task=hits&id=977&Itemid=68","第474次會議紀錄.doc"
"http://www.cpami.gov.tw/chinese/index.php?option=com_filedownload&task=hits&id=976&Itemid=68","第473次會議紀錄.doc"
"http://www.cpami.gov.tw/chinese/index.php?option=com_filedownload&task=hits&id=975&Itemid=68","第472次會議紀錄.doc"
"http://www.cpami.gov.tw/chinese/index.php?option=com_filedownload&task=hits&id=974&Itemid=68","第471次會議紀錄.doc"
"http://www.cpami.gov.tw/chinese/index.php?option=com_filedownload&task=hits&id=973&Itemid=68","第470次會議紀錄.doc"
"http://www.cpami.gov.tw/chinese/index.php?option=com_filedownload&task=hits&id=972&Itemid=68","第469次會議紀錄.doc"
"http://www.cpami.gov.tw/chinese/index.php?option=com_filedownload&task=hits&id=971&Itemid=68","第468次會議紀錄.doc"
"http://www.cpami.gov.tw/chinese/index.php?option=com_filedownload&task=hits&id=970&Itemid=68","第467次會議紀錄.doc"
"http://www.cpami.gov.tw/chinese/index.php?option=com_filedownload&task=hits&id=969&Itemid=68","第466次會議紀錄.doc"
"http://www.cpami.gov.tw/chinese/index.php?option=com_filedownload&task=hits&id=968&Itemid=68","第465次會議紀錄.doc"
"http://www.cpami.gov.tw/chinese/index.php?option=com_filedownload&task=hits&id=967&Itemid=68","第464次會議紀錄.doc"
"http://www.cpami.gov.tw/chinese/index.php?option=com_filedownload&task=hits&id=966&Itemid=68","第463次會議紀錄.doc"
"http://www.cpami.gov.tw/chinese/index.php?option=com_filedownload&task=hits&id=965&Itemid=68","第462次會議紀錄.doc"
"http://www.cpami.gov.tw/chinese/index.php?option=com_filedownload&task=hits&id=964&Itemid=68","第461次會議紀錄.doc"
"http://www.cpami.gov.tw/chinese/index.php?option=com_filedownload&task=hits&id=963&Itemid=68","第460次會議紀錄.doc"
"http://www.cpami.gov.tw/chinese/index.php?option=com_filedownload&task=hits&id=962&Itemid=68","第459次會議紀錄.doc"
"http://www.cpami.gov.tw/chinese/index.php?option=com_filedownload&task=hits&id=961&Itemid=68","第458次會議紀錄.doc"
"http://www.cpami.gov.tw/chinese/index.php?option=com_filedownload&task=hits&id=960&Itemid=68","第457次會議紀錄.doc"
"http://www.cpami.gov.tw/chinese/index.php?option=com_filedownload&task=hits&id=959&Itemid=68","第456次會議紀錄.doc"
"http://www.cpami.gov.tw/chinese/index.php?option=com_filedownload&task=hits&id=958&Itemid=68","第455次會議紀錄.doc"
"http://www.cpami.gov.tw/chinese/index.php?option=com_filedownload&task=hits&id=957&Itemid=68","第454次會議紀錄.doc"
"http://www.cpami.gov.tw/chinese/index.php?option=com_filedownload&task=hits&id=956&Itemid=68","第453次會議紀錄.doc"
"http://www.cpami.gov.tw/chinese/index.php?option=com_filedownload&task=hits&id=955&Itemid=68","第452次會議紀錄.doc"
"http://www.cpami.gov.tw/chinese/index.php?option=com_filedownload&task=hits&id=954&Itemid=68","第451次會議紀錄錄(無)."
"http://www.cpami.gov.tw/chinese/index.php?option=com_filedownload&task=hits&id=953&Itemid=68","第450次會議紀錄.doc"
"http://www.cpami.gov.tw/chinese/index.php?option=com_filedownload&task=hits&id=952&Itemid=68","第449次會議紀錄.doc"
"http://www.cpami.gov.tw/chinese/index.php?option=com_filedownload&task=hits&id=951&Itemid=68","第448次會議紀錄.doc"
"http://www.cpami.gov.tw/chinese/index.php?option=com_filedownload&task=hits&id=950&Itemid=68","第447次會議紀錄.doc"
"http://www.cpami.gov.tw/chinese/index.php?option=com_filedownload&task=hits&id=949&Itemid=68","第446次會議紀錄.doc"
"http://www.cpami.gov.tw/chinese/index.php?option=com_filedownload&task=hits&id=948&Itemid=68","第445次會議紀錄.doc"
"http://www.cpami.gov.tw/chinese/index.php?option=com_filedownload&task=hits&id=947&Itemid=68","第444次會議紀錄.doc"
"http://www.cpami.gov.tw/chinese/index.php?option=com_filedownload&task=hits&id=946&Itemid=68","第443次會議紀錄.doc"
"http://www.cpami.gov.tw/chinese/index.php?option=com_filedownload&task=hits&id=945&Itemid=68","第442次會議紀錄.doc"
"http://www.cpami.gov.tw/chinese/index.php?option=com_filedownload&task=hits&id=944&Itemid=68","第441次會議紀錄.doc"
"http://www.cpami.gov.tw/chinese/index.php?option=com_filedownload&task=hits&id=943&Itemid=68","第440次會議紀錄.doc"
"http://www.cpami.gov.tw/chinese/index.php?option=com_filedownload&task=hits&id=942&Itemid=68","第439次會議紀錄.doc"
"http://www.cpami.gov.tw/chinese/index.php?option=com_filedownload&task=hits&id=941&Itemid=68","第438次會議紀錄.doc"
"http://www.cpami.gov.tw/chinese/index.php?option=com_filedownload&task=hits&id=940&Itemid=68","第437次會議紀錄.doc"
"http://www.cpami.gov.tw/chinese/index.php?option=com_filedownload&task=hits&id=939&Itemid=68","第436次會議紀錄.doc"
"http://www.cpami.gov.tw/chinese/index.php?option=com_filedownload&task=hits&id=938&Itemid=68","第435次會議紀錄（無）."
"http://www.cpami.gov.tw/chinese/index.php?option=com_filedownload&task=hits&id=937&Itemid=68","第434次會議紀錄（無）."
"http://www.cpami.gov.tw/chinese/index.php?option=com_filedownload&task=hits&id=936&Itemid=68","第433次會議紀錄.doc"
"http://www.cpami.gov.tw/chinese/index.php?option=com_filedownload&task=hits&id=935&Itemid=68","第432次會議紀錄.doc"
"http://www.cpami.gov.tw/chinese/index.php?option=com_filedownload&task=hits&id=934&Itemid=68","第431次會議紀錄.doc"
"http://www.cpami.gov.tw/chinese/index.php?option=com_filedownload&task=hits&id=933&Itemid=68","第430次會議紀錄（無）."
"http://www.cpami.gov.tw/chinese/index.php?option=com_filedownload&task=hits&id=932&Itemid=68","第429次會議紀錄.doc"
"http://www.cpami.gov.tw/chinese/index.php?option=com_filedownload&task=hits&id=931&Itemid=68","第428次會議紀錄.doc"
"http://www.cpami.gov.tw/chinese/index.php?option=com_filedownload&task=hits&id=930&Itemid=68","第427次會議紀錄.doc"
"http://www.cpami.gov.tw/chinese/index.php?option=com_filedownload&task=hits&id=929&Itemid=68","第426次會議紀錄.doc"
"http://www.cpami.gov.tw/chinese/index.php?option=com_filedownload&task=hits&id=928&Itemid=68","第425次會議紀錄.doc"
"http://www.cpami.gov.tw/chinese/index.php?option=com_filedownload&task=hits&id=927&Itemid=68","第424次會議紀錄.doc"
"http://www.cpami.gov.tw/chinese/index.php?option=com_filedownload&task=hits&id=926&Itemid=68","第423次會議紀錄.doc"
"http://www.cpami.gov.tw/chinese/index.php?option=com_filedownload&task=hits&id=925&Itemid=68","第422次會議紀錄.doc"
"http://www.cpami.gov.tw/chinese/index.php?option=com_filedownload&task=hits&id=924&Itemid=68","第421次會議紀錄（無）."
"http://www.cpami.gov.tw/chinese/index.php?option=com_filedownload&task=hits&id=923&Itemid=68","第420次會議紀錄.doc"
"http://www.cpami.gov.tw/chinese/index.php?option=com_filedownload&task=hits&id=922&Itemid=68","第419次會議紀錄.doc"
"http://www.cpami.gov.tw/chinese/index.php?option=com_filedownload&task=hits&id=921&Itemid=68","第418次會議紀錄.doc"
"http://www.cpami.gov.tw/chinese/index.php?option=com_filedownload&task=hits&id=920&Itemid=68","第417次會議紀錄.doc"
"http://www.cpami.gov.tw/chinese/index.php?option=com_filedownload&task=hits&id=919&Itemid=68","第416次會議紀錄.doc"
"http://www.cpami.gov.tw/chinese/index.php?option=com_filedownload&task=hits&id=918&Itemid=68","第415次會議紀錄.doc"
"http://www.cpami.gov.tw/chinese/index.php?option=com_filedownload&task=hits&id=917&Itemid=68","第414次會議紀錄.doc"
"http://www.cpami.gov.tw/chinese/index.php?option=com_filedownload&task=hits&id=916&Itemid=68","第413次會議紀錄.doc"
"http://www.cpami.gov.tw/chinese/index.php?option=com_filedownload&task=hits&id=915&Itemid=68","第412次會議紀錄.doc"
"http://www.cpami.gov.tw/chinese/index.php?option=com_filedownload&task=hits&id=914&Itemid=68","第411次會議紀錄.doc"
"http://www.cpami.gov.tw/chinese/index.php?option=com_filedownload&task=hits&id=913&Itemid=68","第410次會議紀錄.doc"
"http://www.cpami.gov.tw/chinese/index.php?option=com_filedownload&task=hits&id=912&Itemid=68","第409次會議紀錄.doc"
"http://www.cpami.gov.tw/chinese/index.php?option=com_filedownload&task=hits&id=911&Itemid=68","第408次會議紀錄.doc"
"http://www.cpami.gov.tw/chinese/index.php?option=com_filedownload&task=hits&id=910&Itemid=68","第407次會議紀錄.doc"
"http://www.cpami.gov.tw/chinese/index.php?option=com_filedownload&task=hits&id=909&Itemid=68","第406次會議紀錄.doc"
"http://www.cpami.gov.tw/chinese/index.php?option=com_filedownload&task=hits&id=908&Itemid=68","第405次會議紀錄.doc"
"http://www.cpami.gov.tw/chinese/index.php?option=com_filedownload&task=hits&id=907&Itemid=68","第404次會議紀錄.doc"
"http://www.cpami.gov.tw/chinese/index.php?option=com_filedownload&task=hits&id=906&Itemid=68","第403次會議紀錄.doc"
"http://www.cpami.gov.tw/chinese/index.php?option=com_filedownload&task=hits&id=905&Itemid=68","第402次會議紀錄.doc"
"http://www.cpami.gov.tw/chinese/index.php?option=com_filedownload&task=hits&id=904&Itemid=68","第401次會議紀錄.doc"
"http://www.cpami.gov.tw/chinese/index.php?option=com_filedownload&task=hits&id=903&Itemid=68","第400次會議紀錄.doc"
"http://www.cpami.gov.tw/chinese/index.php?option=com_filedownload&task=hits&id=902&Itemid=68","第399次會議紀錄.doc"
"http://www.cpami.gov.tw/chinese/index.php?option=com_filedownload&task=hits&id=901&Itemid=68","第398次會議紀錄.doc"
"http://www.cpami.gov.tw/chinese/index.php?option=com_filedownload&task=hits&id=900&Itemid=68","第397次會議紀錄.doc"
"http://www.cpami.gov.tw/chinese/index.php?option=com_filedownload&task=hits&id=899&Itemid=68","第396次會議紀錄.doc"
"http://www.cpami.gov.tw/chinese/index.php?option=com_filedownload&task=hits&id=898&Itemid=68","第395次會議紀錄.doc"
"http://www.cpami.gov.tw/chinese/index.php?option=com_filedownload&task=hits&id=897&Itemid=68","第394次會議紀錄.doc"
"http://www.cpami.gov.tw/chinese/index.php?option=com_filedownload&task=hits&id=896&Itemid=68","第393次會議紀錄.doc"
"http://www.cpami.gov.tw/chinese/index.php?option=com_filedownload&task=hits&id=895&Itemid=68","第392次會議紀錄（無）."
"http://www.cpami.gov.tw/chinese/index.php?option=com_filedownload&task=hits&id=894&Itemid=68","第391次會議紀錄.doc"
"http://www.cpami.gov.tw/chinese/index.php?option=com_filedownload&task=hits&id=892&Itemid=68","第390次會議紀錄.doc"
"http://www.cpami.gov.tw/chinese/index.php?option=com_filedownload&task=hits&id=891&Itemid=68","第389次會議紀錄.doc"
"http://www.cpami.gov.tw/chinese/index.php?option=com_filedownload&task=hits&id=890&Itemid=68","第388次會議紀錄.doc"
"http://www.cpami.gov.tw/chinese/index.php?option=com_filedownload&task=hits&id=889&Itemid=68","第387次會議紀錄.doc"
"http://www.cpami.gov.tw/chinese/index.php?option=com_filedownload&task=hits&id=888&Itemid=68","第386次會議紀錄.doc"
"http://www.cpami.gov.tw/chinese/index.php?option=com_filedownload&task=hits&id=887&Itemid=68","第385次會議紀錄.doc"
"http://www.cpami.gov.tw/chinese/index.php?option=com_filedownload&task=hits&id=886&Itemid=68","第384次會議紀錄.doc"
"http://www.cpami.gov.tw/chinese/index.php?option=com_filedownload&task=hits&id=885&Itemid=68","第383次會議紀錄.doc"
"http://www.cpami.gov.tw/chinese/index.php?option=com_filedownload&task=hits&id=884&Itemid=68","第382次會議紀錄.doc"
"http://www.cpami.gov.tw/chinese/index.php?option=com_filedownload&task=hits&id=883&Itemid=68","第381次會議紀錄.doc"
"http://www.cpami.gov.tw/chinese/index.php?option=com_filedownload&task=hits&id=882&Itemid=68","第380次會議紀錄.doc"
"http://www.cpami.gov.tw/chinese/index.php?option=com_filedownload&task=hits&id=881&Itemid=68","第379次會議紀錄.doc"
"http://www.cpami.gov.tw/chinese/index.php?option=com_filedownload&task=hits&id=880&Itemid=68","第378次會議紀錄.doc"
"http://www.cpami.gov.tw/chinese/index.php?option=com_filedownload&task=hits&id=879&Itemid=68","第377次會議紀錄.doc"
"http://www.cpami.gov.tw/chinese/index.php?option=com_filedownload&task=hits&id=878&Itemid=68","第376次會議紀錄.doc"
"http://www.cpami.gov.tw/chinese/index.php?option=com_filedownload&task=hits&id=877&Itemid=68","第375次會議紀錄.doc"
"http://www.cpami.gov.tw/chinese/index.php?option=com_filedownload&task=hits&id=876&Itemid=68","第374次會議紀錄.doc"
"http://www.cpami.gov.tw/chinese/index.php?option=com_filedownload&task=hits&id=875&Itemid=68","第373次會議紀錄.doc"
"http://www.cpami.gov.tw/chinese/index.php?option=com_filedownload&task=hits&id=874&Itemid=68","第372次會議紀錄.doc"
"http://www.cpami.gov.tw/chinese/index.php?option=com_filedownload&task=hits&id=873&Itemid=68","第371次會議紀錄.doc"
"http://www.cpami.gov.tw/chinese/index.php?option=com_filedownload&task=hits&id=872&Itemid=68","第370次會議紀錄.doc"
"http://www.cpami.gov.tw/chinese/index.php?option=com_filedownload&task=hits&id=871&Itemid=68","第369次會議紀錄.doc"
"http://www.cpami.gov.tw/chinese/index.php?option=com_filedownload&task=hits&id=870&Itemid=68","第368次會議紀錄.doc"
"http://www.cpami.gov.tw/chinese/index.php?option=com_filedownload&task=hits&id=869&Itemid=68","第367次會議紀錄.doc"
"http://www.cpami.gov.tw/chinese/index.php?option=com_filedownload&task=hits&id=893&Itemid=68","第366次會議紀錄.doc"
"http://www.cpami.gov.tw/chinese/index.php?option=com_filedownload&task=hits&id=868&Itemid=68","第365次會議紀錄.doc"
"http://www.cpami.gov.tw/chinese/index.php?option=com_filedownload&task=hits&id=867&Itemid=68","第364次會議紀錄.doc"
"http://www.cpami.gov.tw/chinese/index.php?option=com_filedownload&task=hits&id=866&Itemid=68","第363次會議紀錄.doc"
"http://www.cpami.gov.tw/chinese/index.php?option=com_filedownload&task=hits&id=865&Itemid=68","第362次會議紀錄.doc"
"http://www.cpami.gov.tw/chinese/index.php?option=com_filedownload&task=hits&id=864&Itemid=68","第361次會議紀錄.doc"
"http://www.cpami.gov.tw/chinese/index.php?option=com_filedownload&task=hits&id=863&Itemid=68","第360次會議紀錄.doc"
"http://www.cpami.gov.tw/chinese/index.php?option=com_filedownload&task=hits&id=862&Itemid=68","第359次會議紀錄.doc"
"http://www.cpami.gov.tw/chinese/index.php?option=com_filedownload&task=hits&id=861&Itemid=68","第358次會議紀錄.doc"
"http://www.cpami.gov.tw/chinese/index.php?option=com_filedownload&task=hits&id=860&Itemid=68","第357次會議紀錄.pdf"
"http://www.cpami.gov.tw/chinese/index.php?option=com_filedownload&task=hits&id=859&Itemid=68","第356次會議紀錄.pdf"
"http://www.cpami.gov.tw/chinese/index.php?option=com_filedownload&task=hits&id=858&Itemid=68","第355次會議紀錄.pdf"
"http://www.cpami.gov.tw/chinese/index.php?option=com_filedownload&task=hits&id=857&Itemid=68","第354次會議紀錄.pdf"
"http://www.cpami.gov.tw/chinese/index.php?option=com_filedownload&task=hits&id=856&Itemid=68","第353次會議紀錄.pdf"
"http://www.cpami.gov.tw/chinese/index.php?option=com_filedownload&task=hits&id=855&Itemid=68","第352次會議紀錄.pdf"
"http://www.cpami.gov.tw/chinese/index.php?option=com_filedownload&task=hits&id=854&Itemid=68","第351次會議紀錄.pdf"
"http://www.cpami.gov.tw/chinese/index.php?option=com_filedownload&task=hits&id=853&Itemid=68","第350次會議紀錄.pdf"
"http://www.cpami.gov.tw/chinese/index.php?option=com_filedownload&task=hits&id=852&Itemid=68","第349次會議紀錄.pdf"
"http://www.cpami.gov.tw/chinese/index.php?option=com_filedownload&task=hits&id=851&Itemid=68","第348次會議紀錄.pdf"
"http://www.cpami.gov.tw/chinese/index.php?option=com_filedownload&task=hits&id=850&Itemid=68","第347次會議紀錄.pdf"
"http://www.cpami.gov.tw/chinese/index.php?option=com_filedownload&task=hits&id=849&Itemid=68","第346次會議紀錄.pdf"
"http://www.cpami.gov.tw/chinese/index.php?option=com_filedownload&task=hits&id=848&Itemid=68","第345次會議紀錄.pdf"
"http://www.cpami.gov.tw/chinese/index.php?option=com_filedownload&task=hits&id=847&Itemid=68","第344次會議紀錄.pdf"
"http://www.cpami.gov.tw/chinese/index.php?option=com_filedownload&task=hits&id=846&Itemid=68","第343次會議紀錄.pdf"
"http://www.cpami.gov.tw/chinese/index.php?option=com_filedownload&task=hits&id=845&Itemid=68","第342次會議紀錄.pdf"
"http://www.cpami.gov.tw/chinese/index.php?option=com_filedownload&task=hits&id=844&Itemid=68","第341次會議紀錄.pdf"
"http://www.cpami.gov.tw/chinese/index.php?option=com_filedownload&task=hits&id=843&Itemid=68","第340次會議紀錄.pdf"
"http://www.cpami.gov.tw/chinese/index.php?option=com_filedownload&task=hits&id=842&Itemid=68","第339次會議紀錄.pdf"
"http://www.cpami.gov.tw/chinese/index.php?option=com_filedownload&task=hits&id=841&Itemid=68","第338次會議紀錄.pdf"
"http://www.cpami.gov.tw/chinese/index.php?option=com_filedownload&task=hits&id=840&Itemid=68","第337次會議紀錄.pdf"
"http://www.cpami.gov.tw/chinese/index.php?option=com_filedownload&task=hits&id=839&Itemid=68","第336次會議紀錄.pdf"
"http://www.cpami.gov.tw/chinese/index.php?option=com_filedownload&task=hits&id=838&Itemid=68","第335次會議紀錄.pdf"
"http://www.cpami.gov.tw/chinese/index.php?option=com_filedownload&task=hits&id=837&Itemid=68","第334次會議紀錄.pdf"
"http://www.cpami.gov.tw/chinese/index.php?option=com_filedownload&task=hits&id=836&Itemid=68","第333次會議紀錄.pdf"
"http://www.cpami.gov.tw/chinese/index.php?option=com_filedownload&task=hits&id=835&Itemid=68","第332次會議紀錄.pdf"
"http://www.cpami.gov.tw/chinese/index.php?option=com_filedownload&task=hits&id=834&Itemid=68","第331次會議紀錄.pdf"
"http://www.cpami.gov.tw/chinese/index.php?option=com_filedownload&task=hits&id=833&Itemid=68","第330次會議紀錄.pdf"
"http://www.cpami.gov.tw/chinese/index.php?option=com_filedownload&task=hits&id=832&Itemid=68","第329次會議紀錄.pdf"
"http://www.cpami.gov.tw/chinese/index.php?option=com_filedownload&task=hits&id=831&Itemid=68","第328次會議紀錄.pdf"
"http://www.cpami.gov.tw/chinese/index.php?option=com_filedownload&task=hits&id=830&Itemid=68","第327次會議紀錄.pdf"
"http://www.cpami.gov.tw/chinese/index.php?option=com_filedownload&task=hits&id=829&Itemid=68","第326次會議紀錄.pdf"
"http://www.cpami.gov.tw/chinese/index.php?option=com_filedownload&task=hits&id=828&Itemid=68","第325次會議紀錄.pdf"
"http://www.cpami.gov.tw/chinese/index.php?option=com_filedownload&task=hits&id=827&Itemid=68","第324次會議紀錄.pdf"
"http://www.cpami.gov.tw/chinese/index.php?option=com_filedownload&task=hits&id=826&Itemid=68","第323次會議紀錄.pdf"
"http://www.cpami.gov.tw/chinese/index.php?option=com_filedownload&task=hits&id=825&Itemid=68","第322次會議紀錄.pdf"
"http://www.cpami.gov.tw/chinese/index.php?option=com_filedownload&task=hits&id=824&Itemid=68","第321次會議紀錄.pdf"
"http://www.cpami.gov.tw/chinese/index.php?option=com_filedownload&task=hits&id=823&Itemid=68","第320次會議紀錄.pdf"
"http://www.cpami.gov.tw/chinese/index.php?option=com_filedownload&task=hits&id=822&Itemid=68","第319次會議紀錄.pdf"
"http://www.cpami.gov.tw/chinese/index.php?option=com_filedownload&task=hits&id=821&Itemid=68","第318次會議紀錄.pdf"
"http://www.cpami.gov.tw/chinese/index.php?option=com_filedownload&task=hits&id=820&Itemid=68","第317次會議紀錄.pdf"
"http://www.cpami.gov.tw/chinese/index.php?option=com_filedownload&task=hits&id=819&Itemid=68","第316次會議紀錄.pdf"
"http://www.cpami.gov.tw/chinese/index.php?option=com_filedownload&task=hits&id=818&Itemid=68","第315次會議紀錄.pdf"
"http://www.cpami.gov.tw/chinese/index.php?option=com_filedownload&task=hits&id=817&Itemid=68","第314次會議紀錄.pdf"
"http://www.cpami.gov.tw/chinese/index.php?option=com_filedownload&task=hits&id=816&Itemid=68","第313次會議紀錄.pdf"
"http://www.cpami.gov.tw/chinese/index.php?option=com_filedownload&task=hits&id=815&Itemid=68","第312次會議紀錄.pdf"
"http://www.cpami.gov.tw/chinese/index.php?option=com_filedownload&task=hits&id=814&Itemid=68","第311次會議紀錄.pdf"
"http://www.cpami.gov.tw/chinese/index.php?option=com_filedownload&task=hits&id=813&Itemid=68","第310次會議紀錄.pdf"
"http://www.cpami.gov.tw/chinese/index.php?option=com_filedownload&task=hits&id=812&Itemid=68","第309次會議紀錄.pdf"
"http://www.cpami.gov.tw/chinese/index.php?option=com_filedownload&task=hits&id=811&Itemid=68","第308次會議紀錄.pdf"
"http://www.cpami.gov.tw/chinese/index.php?option=com_filedownload&task=hits&id=810&Itemid=68","第307次會議紀錄.pdf"
"http://www.cpami.gov.tw/chinese/index.php?option=com_filedownload&task=hits&id=809&Itemid=68","第306次會議紀錄.pdf"
"http://www.cpami.gov.tw/chinese/index.php?option=com_filedownload&task=hits&id=808&Itemid=68","第305次會議紀錄.pdf"
"http://www.cpami.gov.tw/chinese/index.php?option=com_filedownload&task=hits&id=807&Itemid=68","第304次會議紀錄.pdf"
"http://www.cpami.gov.tw/chinese/index.php?option=com_filedownload&task=hits&id=806&Itemid=68","第303次會議紀錄.pdf"
"http://www.cpami.gov.tw/chinese/index.php?option=com_filedownload&task=hits&id=805&Itemid=68","第302次會議紀錄.pdf"
"http://www.cpami.gov.tw/chinese/index.php?option=com_filedownload&task=hits&id=804&Itemid=68","第301次會議紀錄.pdf"
"http://www.cpami.gov.tw/chinese/index.php?option=com_filedownload&task=hits&id=801&Itemid=68","第300次會議紀錄.pdf"
"http://www.cpami.gov.tw/chinese/index.php?option=com_filedownload&task=hits&id=800&Itemid=68","第299次會議紀錄.pdf"
"http://www.cpami.gov.tw/chinese/index.php?option=com_filedownload&task=hits&id=799&Itemid=68","第298次會議紀錄.pdf"
"http://www.cpami.gov.tw/chinese/index.php?option=com_filedownload&task=hits&id=798&Itemid=68","第297次會議紀錄.pdf"
"http://www.cpami.gov.tw/chinese/index.php?option=com_filedownload&task=hits&id=797&Itemid=68","第296次會議紀錄.pdf"
"http://www.cpami.gov.tw/chinese/index.php?option=com_filedownload&task=hits&id=796&Itemid=68","第295次會議紀錄.pdf"
"http://www.cpami.gov.tw/chinese/index.php?option=com_filedownload&task=hits&id=795&Itemid=68","第294次會議紀錄.pdf"
"http://www.cpami.gov.tw/chinese/index.php?option=com_filedownload&task=hits&id=794&Itemid=68","第293次會議紀錄.pdf"
"http://www.cpami.gov.tw/chinese/index.php?option=com_filedownload&task=hits&id=793&Itemid=68","第292次會議紀錄.pdf"
"http://www.cpami.gov.tw/chinese/index.php?option=com_filedownload&task=hits&id=792&Itemid=68","第291次會議紀錄.pdf"
"http://www.cpami.gov.tw/chinese/index.php?option=com_filedownload&task=hits&id=791&Itemid=68","第290次會議紀錄.pdf"
"http://www.cpami.gov.tw/chinese/index.php?option=com_filedownload&task=hits&id=790&Itemid=68","第289次會議紀錄.pdf"
"http://www.cpami.gov.tw/chinese/index.php?option=com_filedownload&task=hits&id=789&Itemid=68","第288次會議紀錄.pdf"
"http://www.cpami.gov.tw/chinese/index.php?option=com_filedownload&task=hits&id=788&Itemid=68","第287次會議紀錄.pdf"
"http://www.cpami.gov.tw/chinese/index.php?option=com_filedownload&task=hits&id=787&Itemid=68","第286次會議紀錄.pdf"
"http://www.cpami.gov.tw/chinese/index.php?option=com_filedownload&task=hits&id=786&Itemid=68","第285次會議紀錄.pdf"
"http://www.cpami.gov.tw/chinese/index.php?option=com_filedownload&task=hits&id=785&Itemid=68","第284次會議紀錄.pdf"
"http://www.cpami.gov.tw/chinese/index.php?option=com_filedownload&task=hits&id=784&Itemid=68","第283次會議紀錄.pdf"
"http://www.cpami.gov.tw/chinese/index.php?option=com_filedownload&task=hits&id=783&Itemid=68","第282次會議紀錄.pdf"
"http://www.cpami.gov.tw/chinese/index.php?option=com_filedownload&task=hits&id=782&Itemid=68","第281次會議紀錄.pdf"
"http://www.cpami.gov.tw/chinese/index.php?option=com_filedownload&task=hits&id=781&Itemid=68","第280次會議紀錄.pdf"
"http://www.cpami.gov.tw/chinese/index.php?option=com_filedownload&task=hits&id=780&Itemid=68","第279次會議紀錄.pdf"
"http://www.cpami.gov.tw/chinese/index.php?option=com_filedownload&task=hits&id=779&Itemid=68","第278次會議紀錄.pdf"
"http://www.cpami.gov.tw/chinese/index.php?option=com_filedownload&task=hits&id=778&Itemid=68","第277次會議紀錄.pdf"
"http://www.cpami.gov.tw/chinese/index.php?option=com_filedownload&task=hits&id=777&Itemid=68","第276次會議紀錄.pdf"
"http://www.cpami.gov.tw/chinese/index.php?option=com_filedownload&task=hits&id=776&Itemid=68","第275次會議紀錄.pdf"
"http://www.cpami.gov.tw/chinese/index.php?option=com_filedownload&task=hits&id=775&Itemid=68","第274次會議紀錄.pdf"
"http://www.cpami.gov.tw/chinese/index.php?option=com_filedownload&task=hits&id=774&Itemid=68","第273次會議紀錄.pdf"
"http://www.cpami.gov.tw/chinese/index.php?option=com_filedownload&task=hits&id=773&Itemid=68","第272次會議紀錄.pdf"
"http://www.cpami.gov.tw/chinese/index.php?option=com_filedownload&task=hits&id=772&Itemid=68","第271次會議紀錄.pdf"
"http://www.cpami.gov.tw/chinese/index.php?option=com_filedownload&task=hits&id=771&Itemid=68","第270次會議紀錄.pdf"
"http://www.cpami.gov.tw/chinese/index.php?option=com_filedownload&task=hits&id=770&Itemid=68","第269次會議紀錄.pdf"
"http://www.cpami.gov.tw/chinese/index.php?option=com_filedownload&task=hits&id=769&Itemid=68","第268次會議紀錄.pdf"
"http://www.cpami.gov.tw/chinese/index.php?option=com_filedownload&task=hits&id=768&Itemid=68","第267次會議紀錄.pdf"
"http://www.cpami.gov.tw/chinese/index.php?option=com_filedownload&task=hits&id=767&Itemid=68","第266次會議紀錄.pdf"
"http://www.cpami.gov.tw/chinese/index.php?option=com_filedownload&task=hits&id=766&Itemid=68","第265次會議紀錄.pdf"
"http://www.cpami.gov.tw/chinese/index.php?option=com_filedownload&task=hits&id=765&Itemid=68","第264次會議紀錄.pdf"
"http://www.cpami.gov.tw/chinese/index.php?option=com_filedownload&task=hits&id=764&Itemid=68","第263次會議紀錄.pdf"
"http://www.cpami.gov.tw/chinese/index.php?option=com_filedownload&task=hits&id=763&Itemid=68","第262次會議紀錄.pdf"
"http://www.cpami.gov.tw/chinese/index.php?option=com_filedownload&task=hits&id=762&Itemid=68","第261次會議紀錄.pdf"
"http://www.cpami.gov.tw/chinese/index.php?option=com_filedownload&task=hits&id=761&Itemid=68","第260次會議紀錄.pdf"
"http://www.cpami.gov.tw/chinese/index.php?option=com_filedownload&task=hits&id=760&Itemid=68","第259次會議紀錄.pdf"
"http://www.cpami.gov.tw/chinese/index.php?option=com_filedownload&task=hits&id=759&Itemid=68","第258次會議紀錄.pdf"
"http://www.cpami.gov.tw/chinese/index.php?option=com_filedownload&task=hits&id=758&Itemid=68","第257次會議紀錄.pdf"
"http://www.cpami.gov.tw/chinese/index.php?option=com_filedownload&task=hits&id=757&Itemid=68","第256次會議紀錄.pdf"
"http://www.cpami.gov.tw/chinese/index.php?option=com_filedownload&task=hits&id=802&Itemid=68","第255次會議紀錄.pdf"
"http://www.cpami.gov.tw/chinese/index.php?option=com_filedownload&task=hits&id=756&Itemid=68","第254次會議紀錄.pdf"
"http://www.cpami.gov.tw/chinese/index.php?option=com_filedownload&task=hits&id=755&Itemid=68","第253次會議紀錄.pdf"
"http://www.cpami.gov.tw/chinese/index.php?option=com_filedownload&task=hits&id=754&Itemid=68","第252次會議紀錄.pdf"
"http://www.cpami.gov.tw/chinese/index.php?option=com_filedownload&task=hits&id=753&Itemid=68","第251次會議紀錄.pdf"
"http://www.cpami.gov.tw/chinese/index.php?option=com_filedownload&task=hits&id=752&Itemid=68","第250次會議紀錄.pdf"
"http://www.cpami.gov.tw/chinese/index.php?option=com_filedownload&task=hits&id=751&Itemid=68","第249次會議紀錄.pdf"
"http://www.cpami.gov.tw/chinese/index.php?option=com_filedownload&task=hits&id=750&Itemid=68","第248次會議紀錄.pdf"
"http://www.cpami.gov.tw/chinese/index.php?option=com_filedownload&task=hits&id=749&Itemid=68","第247次會議紀錄.pdf"
"http://www.cpami.gov.tw/chinese/index.php?option=com_filedownload&task=hits&id=748&Itemid=68","第246次會議紀錄.pdf"
"http://www.cpami.gov.tw/chinese/index.php?option=com_filedownload&task=hits&id=747&Itemid=68","第245次會議紀錄.pdf"
"http://www.cpami.gov.tw/chinese/index.php?option=com_filedownload&task=hits&id=803&Itemid=68","第244次會議紀錄.pdf"
"http://www.cpami.gov.tw/chinese/index.php?option=com_filedownload&task=hits&id=746&Itemid=68","第243次會議紀錄.pdf"
"http://www.cpami.gov.tw/chinese/index.php?option=com_filedownload&task=hits&id=745&Itemid=68","第242次會議紀錄.pdf"
"http://www.cpami.gov.tw/chinese/index.php?option=com_filedownload&task=hits&id=744&Itemid=68","第241次會議紀錄.pdf"
"http://www.cpami.gov.tw/chinese/index.php?option=com_filedownload&task=hits&id=743&Itemid=68","第240次會議紀錄.pdf"
"http://www.cpami.gov.tw/chinese/index.php?option=com_filedownload&task=hits&id=742&Itemid=68","第239次會議紀錄.pdf"
"http://www.cpami.gov.tw/chinese/index.php?option=com_filedownload&task=hits&id=741&Itemid=68","第238次會議紀錄.pdf"
"http://www.cpami.gov.tw/chinese/index.php?option=com_filedownload&task=hits&id=740&Itemid=68","第237次會議紀錄.pdf"
"http://www.cpami.gov.tw/chinese/index.php?option=com_filedownload&task=hits&id=739&Itemid=68","第236次會議紀錄.pdf"
"http://www.cpami.gov.tw/chinese/index.php?option=com_filedownload&task=hits&id=738&Itemid=68","第235次會議紀錄.pdf"
"http://www.cpami.gov.tw/chinese/index.php?option=com_filedownload&task=hits&id=737&Itemid=68","第234次會議紀錄.pdf"
"http://www.cpami.gov.tw/chinese/index.php?option=com_filedownload&task=hits&id=736&Itemid=68","第233次會議紀錄.pdf"
"http://www.cpami.gov.tw/chinese/index.php?option=com_filedownload&task=hits&id=735&Itemid=68","第232次會議紀錄.pdf"
"http://www.cpami.gov.tw/chinese/index.php?option=com_filedownload&task=hits&id=734&Itemid=68","第231次會議紀錄.pdf"
"http://www.cpami.gov.tw/chinese/index.php?option=com_filedownload&task=hits&id=733&Itemid=68","第230次會議紀錄.pdf"
"http://www.cpami.gov.tw/chinese/index.php?option=com_filedownload&task=hits&id=732&Itemid=68","第229次會議紀錄.pdf"
"http://www.cpami.gov.tw/chinese/index.php?option=com_filedownload&task=hits&id=731&Itemid=68","第228次會議紀錄.pdf"
"http://www.cpami.gov.tw/chinese/index.php?option=com_filedownload&task=hits&id=730&Itemid=68","第227次會議紀錄.pdf"
"http://www.cpami.gov.tw/chinese/index.php?option=com_filedownload&task=hits&id=729&Itemid=68","第226次會議紀錄.pdf"
"http://www.cpami.gov.tw/chinese/index.php?option=com_filedownload&task=hits&id=728&Itemid=68","第225次會議紀錄.pdf"
"http://www.cpami.gov.tw/chinese/index.php?option=com_filedownload&task=hits&id=727&Itemid=68","第224次會議紀錄.pdf"
"http://www.cpami.gov.tw/chinese/index.php?option=com_filedownload&task=hits&id=726&Itemid=68","第223次會議紀錄.pdf"
"http://www.cpami.gov.tw/chinese/index.php?option=com_filedownload&task=hits&id=725&Itemid=68","第222次會議紀錄.pdf"
"http://www.cpami.gov.tw/chinese/index.php?option=com_filedownload&task=hits&id=724&Itemid=68","第221次會議紀錄.pdf"
"http://www.cpami.gov.tw/chinese/index.php?option=com_filedownload&task=hits&id=723&Itemid=68","第220次會議紀錄.pdf"
"http://www.cpami.gov.tw/chinese/index.php?option=com_filedownload&task=hits&id=722&Itemid=68","第219次會議紀錄.pdf"
"http://www.cpami.gov.tw/chinese/index.php?option=com_filedownload&task=hits&id=721&Itemid=68","第218次會議紀錄.pdf"
"http://www.cpami.gov.tw/chinese/index.php?option=com_filedownload&task=hits&id=720&Itemid=68","第217次會議紀錄.pdf"
"http://www.cpami.gov.tw/chinese/index.php?option=com_filedownload&task=hits&id=719&Itemid=68","第216次會議紀錄.pdf"
"http://www.cpami.gov.tw/chinese/index.php?option=com_filedownload&task=hits&id=718&Itemid=68","第215次會議紀錄.pdf"
"http://www.cpami.gov.tw/chinese/index.php?option=com_filedownload&task=hits&id=717&Itemid=68","第214次會議紀錄.pdf"
"http://www.cpami.gov.tw/chinese/index.php?option=com_filedownload&task=hits&id=716&Itemid=68","第213次會議紀錄.pdf"
"http://www.cpami.gov.tw/chinese/index.php?option=com_filedownload&task=hits&id=715&Itemid=68","第212次會議紀錄.pdf"
"http://www.cpami.gov.tw/chinese/index.php?option=com_filedownload&task=hits&id=714&Itemid=68","第211次會議紀錄.pdf"
"http://www.cpami.gov.tw/chinese/index.php?option=com_filedownload&task=hits&id=713&Itemid=68","第210次會議紀錄.pdf"
"http://www.cpami.gov.tw/chinese/index.php?option=com_filedownload&task=hits&id=712&Itemid=68","第209次會議紀錄.pdf"
"http://www.cpami.gov.tw/chinese/index.php?option=com_filedownload&task=hits&id=711&Itemid=68","第208次會議紀錄.pdf"
"http://www.cpami.gov.tw/chinese/index.php?option=com_filedownload&task=hits&id=710&Itemid=68","第207次會議紀錄.pdf"
"http://www.cpami.gov.tw/chinese/index.php?option=com_filedownload&task=hits&id=709&Itemid=68","第206次會議紀錄.pdf"
"http://www.cpami.gov.tw/chinese/index.php?option=com_filedownload&task=hits&id=708&Itemid=68","第205次會議紀錄.pdf"
"http://www.cpami.gov.tw/chinese/index.php?option=com_filedownload&task=hits&id=707&Itemid=68","第204次會議紀錄.pdf"
"http://www.cpami.gov.tw/chinese/index.php?option=com_filedownload&task=hits&id=706&Itemid=68","第203次會議紀錄.pdf"
"http://www.cpami.gov.tw/chinese/index.php?option=com_filedownload&task=hits&id=705&Itemid=68","第202次會議紀錄.pdf"
"http://www.cpami.gov.tw/chinese/index.php?option=com_filedownload&task=hits&id=704&Itemid=68","第201次會議紀錄.pdf"
"http://www.cpami.gov.tw/chinese/index.php?option=com_filedownload&task=hits&id=703&Itemid=68","第200次會議紀錄.pdf"
"http://www.cpami.gov.tw/chinese/index.php?option=com_filedownload&task=hits&id=702&Itemid=68","第199次會議紀錄.pdf"
"http://www.cpami.gov.tw/chinese/index.php?option=com_filedownload&task=hits&id=701&Itemid=68","第198次會議紀錄.pdf"
"http://www.cpami.gov.tw/chinese/index.php?option=com_filedownload&task=hits&id=700&Itemid=68","第197次會議紀錄.pdf"
"http://www.cpami.gov.tw/chinese/index.php?option=com_filedownload&task=hits&id=699&Itemid=68","第196次會議紀錄.pdf"
"http://www.cpami.gov.tw/chinese/index.php?option=com_filedownload&task=hits&id=698&Itemid=68","第195次會議紀錄.pdf"
"http://www.cpami.gov.tw/chinese/index.php?option=com_filedownload&task=hits&id=697&Itemid=68","第194次會議紀錄.pdf"
"http://www.cpami.gov.tw/chinese/index.php?option=com_filedownload&task=hits&id=696&Itemid=68","第193次會議紀錄.pdf"
"http://www.cpami.gov.tw/chinese/index.php?option=com_filedownload&task=hits&id=695&Itemid=68","第192次會議紀錄.pdf"
"http://www.cpami.gov.tw/chinese/index.php?option=com_filedownload&task=hits&id=694&Itemid=68","第191次會議紀錄.pdf"
"http://www.cpami.gov.tw/chinese/index.php?option=com_filedownload&task=hits&id=693&Itemid=68","第190次會議紀錄.pdf"
"http://www.cpami.gov.tw/chinese/index.php?option=com_filedownload&task=hits&id=692&Itemid=68","第189次會議紀錄.pdf"
"http://www.cpami.gov.tw/chinese/index.php?option=com_filedownload&task=hits&id=691&Itemid=68","第188次會議紀錄.pdf"
"http://www.cpami.gov.tw/chinese/index.php?option=com_filedownload&task=hits&id=690&Itemid=68","第187次會議紀錄.pdf"
"http://www.cpami.gov.tw/chinese/index.php?option=com_filedownload&task=hits&id=689&Itemid=68","第186次會議紀錄.pdf"
"http://www.cpami.gov.tw/chinese/index.php?option=com_filedownload&task=hits&id=688&Itemid=68","第185次會議紀錄.pdf"
"http://www.cpami.gov.tw/chinese/index.php?option=com_filedownload&task=hits&id=687&Itemid=68","第184次會議紀錄.pdf"
"http://www.cpami.gov.tw/chinese/index.php?option=com_filedownload&task=hits&id=686&Itemid=68","第183次會議紀錄.pdf"
"http://www.cpami.gov.tw/chinese/index.php?option=com_filedownload&task=hits&id=685&Itemid=68","第182次會議紀錄.pdf"
"http://www.cpami.gov.tw/chinese/index.php?option=com_filedownload&task=hits&id=684&Itemid=68","第181次會議紀錄.pdf"
"http://www.cpami.gov.tw/chinese/index.php?option=com_filedownload&task=hits&id=683&Itemid=68","第180次會議紀錄.pdf"
"http://www.cpami.gov.tw/chinese/index.php?option=com_filedownload&task=hits&id=682&Itemid=68","第179次會議紀錄.pdf"
"http://www.cpami.gov.tw/chinese/index.php?option=com_filedownload&task=hits&id=681&Itemid=68","第178次會議紀錄.pdf"
"http://www.cpami.gov.tw/chinese/index.php?option=com_filedownload&task=hits&id=680&Itemid=68","第177次會議紀錄.pdf"
"http://www.cpami.gov.tw/chinese/index.php?option=com_filedownload&task=hits&id=679&Itemid=68","第176次會議紀錄.pdf"
"http://www.cpami.gov.tw/chinese/index.php?option=com_filedownload&task=hits&id=678&Itemid=68","第175次會議紀錄.pdf"
"http://www.cpami.gov.tw/chinese/index.php?option=com_filedownload&task=hits&id=677&Itemid=68","第174次會議紀錄.pdf"
"http://www.cpami.gov.tw/chinese/index.php?option=com_filedownload&task=hits&id=676&Itemid=68","第173次會議紀錄.pdf"
"http://www.cpami.gov.tw/chinese/index.php?option=com_filedownload&task=hits&id=675&Itemid=68","第172次會議紀錄.pdf"
"http://www.cpami.gov.tw/chinese/index.php?option=com_filedownload&task=hits&id=674&Itemid=68","第171次會議紀錄（無）."
"http://www.cpami.gov.tw/chinese/index.php?option=com_filedownload&task=hits&id=673&Itemid=68","第170次會議紀錄.pdf"
"http://www.cpami.gov.tw/chinese/index.php?option=com_filedownload&task=hits&id=672&Itemid=68","第169次會議紀錄.pdf"
"http://www.cpami.gov.tw/chinese/index.php?option=com_filedownload&task=hits&id=671&Itemid=68","第168次會議紀錄.pdf"
"http://www.cpami.gov.tw/chinese/index.php?option=com_filedownload&task=hits&id=670&Itemid=68","第167次會議紀錄.pdf"
"http://www.cpami.gov.tw/chinese/index.php?option=com_filedownload&task=hits&id=669&Itemid=68","第166次會議紀錄.pdf"
"http://www.cpami.gov.tw/chinese/index.php?option=com_filedownload&task=hits&id=668&Itemid=68","第165次會議紀錄.pdf"
"http://www.cpami.gov.tw/chinese/index.php?option=com_filedownload&task=hits&id=667&Itemid=68","第164次會議紀錄.pdf"
"http://www.cpami.gov.tw/chinese/index.php?option=com_filedownload&task=hits&id=666&Itemid=68","第163次會議紀錄.pdf"
"http://www.cpami.gov.tw/chinese/index.php?option=com_filedownload&task=hits&id=665&Itemid=68","第162次會議紀錄.pdf"
"http://www.cpami.gov.tw/chinese/index.php?option=com_filedownload&task=hits&id=664&Itemid=68","第161次會議紀錄.pdf"
"http://www.cpami.gov.tw/chinese/index.php?option=com_filedownload&task=hits&id=663&Itemid=68","第160次會議紀錄.pdf"
"http://www.cpami.gov.tw/chinese/index.php?option=com_filedownload&task=hits&id=662&Itemid=68","第159次會議紀錄.pdf"
"http://www.cpami.gov.tw/chinese/index.php?option=com_filedownload&task=hits&id=661&Itemid=68","第158次會議紀錄.pdf"
"http://www.cpami.gov.tw/chinese/index.php?option=com_filedownload&task=hits&id=660&Itemid=68","第157次會議紀錄.pdf"
"http://www.cpami.gov.tw/chinese/index.php?option=com_filedownload&task=hits&id=659&Itemid=68","第156次會議紀錄.pdf"
"http://www.cpami.gov.tw/chinese/index.php?option=com_filedownload&task=hits&id=658&Itemid=68","第155次會議紀錄.pdf"
"http://www.cpami.gov.tw/chinese/index.php?option=com_filedownload&task=hits&id=657&Itemid=68","第154次會議紀錄.pdf"
"http://www.cpami.gov.tw/chinese/index.php?option=com_filedownload&task=hits&id=656&Itemid=68","第153次會議紀錄.pdf"
"http://www.cpami.gov.tw/chinese/index.php?option=com_filedownload&task=hits&id=655&Itemid=68","第152次會議紀錄.pdf"
"http://www.cpami.gov.tw/chinese/index.php?option=com_filedownload&task=hits&id=654&Itemid=68","第151次會議紀錄.pdf"
"http://www.cpami.gov.tw/chinese/index.php?option=com_filedownload&task=hits&id=653&Itemid=68","第150次會議紀錄.pdf"
"http://www.cpami.gov.tw/chinese/index.php?option=com_filedownload&task=hits&id=652&Itemid=68","第149次會議紀錄.pdf"
"http://www.cpami.gov.tw/chinese/index.php?option=com_filedownload&task=hits&id=651&Itemid=68","第148次會議紀錄.pdf"
"http://www.cpami.gov.tw/chinese/index.php?option=com_filedownload&task=hits&id=650&Itemid=68","第147次會議紀錄.pdf"
"http://www.cpami.gov.tw/chinese/index.php?option=com_filedownload&task=hits&id=649&Itemid=68","第146次會議紀錄.pdf"
"http://www.cpami.gov.tw/chinese/index.php?option=com_filedownload&task=hits&id=648&Itemid=68","第145次會議紀錄.pdf"
"http://www.cpami.gov.tw/chinese/index.php?option=com_filedownload&task=hits&id=647&Itemid=68","第144次會議紀錄.pdf"
"http://www.cpami.gov.tw/chinese/index.php?option=com_filedownload&task=hits&id=646&Itemid=68","第143次會議紀錄.pdf"
"http://www.cpami.gov.tw/chinese/index.php?option=com_filedownload&task=hits&id=645&Itemid=68","第142次會議紀錄.pdf"
"http://www.cpami.gov.tw/chinese/index.php?option=com_filedownload&task=hits&id=644&Itemid=68","第141次會議紀錄.pdf"
"http://www.cpami.gov.tw/chinese/index.php?option=com_filedownload&task=hits&id=643&Itemid=68","第140次會議紀錄.pdf"
"http://www.cpami.gov.tw/chinese/index.php?option=com_filedownload&task=hits&id=642&Itemid=68","第139次會議紀錄.pdf"
"http://www.cpami.gov.tw/chinese/index.php?option=com_filedownload&task=hits&id=641&Itemid=68","第138次會議紀錄.pdf"
"http://www.cpami.gov.tw/chinese/index.php?option=com_filedownload&task=hits&id=640&Itemid=68","第137次會議紀錄.pdf"
"http://www.cpami.gov.tw/chinese/index.php?option=com_filedownload&task=hits&id=639&Itemid=68","第136次會議紀錄.pdf"
"http://www.cpami.gov.tw/chinese/index.php?option=com_filedownload&task=hits&id=638&Itemid=68","第135次會議紀錄.pdf"
"http://www.cpami.gov.tw/chinese/index.php?option=com_filedownload&task=hits&id=637&Itemid=68","第134次會議紀錄.pdf"
"http://www.cpami.gov.tw/chinese/index.php?option=com_filedownload&task=hits&id=636&Itemid=68","第133次會議紀錄.pdf"
"http://www.cpami.gov.tw/chinese/index.php?option=com_filedownload&task=hits&id=635&Itemid=68","第132次會議紀錄.pdf"
"http://www.cpami.gov.tw/chinese/index.php?option=com_filedownload&task=hits&id=634&Itemid=68","第131次會議紀錄.pdf"
"http://www.cpami.gov.tw/chinese/index.php?option=com_filedownload&task=hits&id=633&Itemid=68","第130次會議紀錄.pdf"
"http://www.cpami.gov.tw/chinese/index.php?option=com_filedownload&task=hits&id=632&Itemid=68","第129次會議紀錄.pdf"
"http://www.cpami.gov.tw/chinese/index.php?option=com_filedownload&task=hits&id=631&Itemid=68","第128次會議紀錄.pdf"
"http://www.cpami.gov.tw/chinese/index.php?option=com_filedownload&task=hits&id=630&Itemid=68","第127次會議紀錄.pdf"
"http://www.cpami.gov.tw/chinese/index.php?option=com_filedownload&task=hits&id=629&Itemid=68","第126次會議紀錄.pdf"
"http://www.cpami.gov.tw/chinese/index.php?option=com_filedownload&task=hits&id=628&Itemid=68","第125次會議紀錄.pdf"
"http://www.cpami.gov.tw/chinese/index.php?option=com_filedownload&task=hits&id=627&Itemid=68","第124次會議紀錄.pdf"
"http://www.cpami.gov.tw/chinese/index.php?option=com_filedownload&task=hits&id=626&Itemid=68","第123次會議紀錄.pdf"
"http://www.cpami.gov.tw/chinese/index.php?option=com_filedownload&task=hits&id=625&Itemid=68","第122次會議紀錄.pdf"
"http://www.cpami.gov.tw/chinese/index.php?option=com_filedownload&task=hits&id=624&Itemid=68","第121次會議紀錄.pdf"
"http://www.cpami.gov.tw/chinese/index.php?option=com_filedownload&task=hits&id=623&Itemid=68","第120次會議紀錄.pdf"
"http://www.cpami.gov.tw/chinese/index.php?option=com_filedownload&task=hits&id=622&Itemid=68","第119次會議紀錄.pdf"
"http://www.cpami.gov.tw/chinese/index.php?option=com_filedownload&task=hits&id=621&Itemid=68","第118次會議紀錄.pdf"
"http://www.cpami.gov.tw/chinese/index.php?option=com_filedownload&task=hits&id=620&Itemid=68","第117次會議紀錄.pdf"
"http://www.cpami.gov.tw/chinese/index.php?option=com_filedownload&task=hits&id=619&Itemid=68","第116次會議紀錄.pdf"
"http://www.cpami.gov.tw/chinese/index.php?option=com_filedownload&task=hits&id=618&Itemid=68","第115次會議紀錄.pdf"
"http://www.cpami.gov.tw/chinese/index.php?option=com_filedownload&task=hits&id=617&Itemid=68","第114次會議紀錄.pdf"
"http://www.cpami.gov.tw/chinese/index.php?option=com_filedownload&task=hits&id=616&Itemid=68","第113次會議紀錄.pdf"
"http://www.cpami.gov.tw/chinese/index.php?option=com_filedownload&task=hits&id=615&Itemid=68","第112次會議紀錄.pdf"
"http://www.cpami.gov.tw/chinese/index.php?option=com_filedownload&task=hits&id=614&Itemid=68","第111次會議紀錄.pdf"
"http://www.cpami.gov.tw/chinese/index.php?option=com_filedownload&task=hits&id=613&Itemid=68","第110次會議紀錄.pdf"
"http://www.cpami.gov.tw/chinese/index.php?option=com_filedownload&task=hits&id=612&Itemid=68","第109次會議紀錄.pdf"
"http://www.cpami.gov.tw/chinese/index.php?option=com_filedownload&task=hits&id=611&Itemid=68","第108次會議紀錄.pdf"
"http://www.cpami.gov.tw/chinese/index.php?option=com_filedownload&task=hits&id=610&Itemid=68","第107次會議紀錄.pdf"
"http://www.cpami.gov.tw/chinese/index.php?option=com_filedownload&task=hits&id=609&Itemid=68","第106次會議紀錄.pdf"
"http://www.cpami.gov.tw/chinese/index.php?option=com_filedownload&task=hits&id=608&Itemid=68","第105次會議紀錄.pdf"
"http://www.cpami.gov.tw/chinese/index.php?option=com_filedownload&task=hits&id=607&Itemid=68","第104次會議紀錄.pdf"
"http://www.cpami.gov.tw/chinese/index.php?option=com_filedownload&task=hits&id=606&Itemid=68","第103次會議紀錄.pdf"
"http://www.cpami.gov.tw/chinese/index.php?option=com_filedownload&task=hits&id=605&Itemid=68","第102次會議紀錄.pdf"
"http://www.cpami.gov.tw/chinese/index.php?option=com_filedownload&task=hits&id=604&Itemid=68","第101次會議紀錄.pdf"
"http://www.cpami.gov.tw/chinese/index.php?option=com_filedownload&task=hits&id=603&Itemid=68","第100次會議紀錄.pdf"
"http://www.cpami.gov.tw/chinese/index.php?option=com_filedownload&task=hits&id=602&Itemid=68","第99次會議紀錄.pdf"
"http://www.cpami.gov.tw/chinese/index.php?option=com_filedownload&task=hits&id=601&Itemid=68","第98次會議紀錄.pdf"
"http://www.cpami.gov.tw/chinese/index.php?option=com_filedownload&task=hits&id=600&Itemid=68","第97次會議紀錄.pdf"
"http://www.cpami.gov.tw/chinese/index.php?option=com_filedownload&task=hits&id=599&Itemid=68","第96次會議紀錄.pdf"
"http://www.cpami.gov.tw/chinese/index.php?option=com_filedownload&task=hits&id=598&Itemid=68","第95次會議紀錄.pdf"
"http://www.cpami.gov.tw/chinese/index.php?option=com_filedownload&task=hits&id=597&Itemid=68","第94次會議紀錄.pdf"
"http://www.cpami.gov.tw/chinese/index.php?option=com_filedownload&task=hits&id=596&Itemid=68","第93次會議紀錄.pdf"
"http://www.cpami.gov.tw/chinese/index.php?option=com_filedownload&task=hits&id=595&Itemid=68","第92次會議紀錄.pdf"
"http://www.cpami.gov.tw/chinese/index.php?option=com_filedownload&task=hits&id=594&Itemid=68","第91次會議紀錄.pdf"
"http://www.cpami.gov.tw/chinese/index.php?option=com_filedownload&task=hits&id=593&Itemid=68","第90次會議紀錄.pdf"
"http://www.cpami.gov.tw/chinese/index.php?option=com_filedownload&task=hits&id=592&Itemid=68","第89次會議紀錄.pdf"
"http://www.cpami.gov.tw/chinese/index.php?option=com_filedownload&task=hits&id=591&Itemid=68","第88次會議紀錄.pdf"
"http://www.cpami.gov.tw/chinese/index.php?option=com_filedownload&task=hits&id=590&Itemid=68","第87次會議紀錄.pdf"
"http://www.cpami.gov.tw/chinese/index.php?option=com_filedownload&task=hits&id=589&Itemid=68","第86次會議紀錄.pdf"
"http://www.cpami.gov.tw/chinese/index.php?option=com_filedownload&task=hits&id=588&Itemid=68","第85次會議紀錄.pdf"
"http://www.cpami.gov.tw/chinese/index.php?option=com_filedownload&task=hits&id=587&Itemid=68","第84次會議紀錄.pdf"
"http://www.cpami.gov.tw/chinese/index.php?option=com_filedownload&task=hits&id=586&Itemid=68","第83次會議紀錄.pdf"
"http://www.cpami.gov.tw/chinese/index.php?option=com_filedownload&task=hits&id=585&Itemid=68","第82次會議紀錄.pdf"
"http://www.cpami.gov.tw/chinese/index.php?option=com_filedownload&task=hits&id=584&Itemid=68","第81次會議紀錄.pdf"
"http://www.cpami.gov.tw/chinese/index.php?option=com_filedownload&task=hits&id=583&Itemid=68","第80次會議紀錄.pdf"
"http://www.cpami.gov.tw/chinese/index.php?option=com_filedownload&task=hits&id=582&Itemid=68","第79次會議紀錄.pdf"
"http://www.cpami.gov.tw/chinese/index.php?option=com_filedownload&task=hits&id=581&Itemid=68","第78次會議紀錄.pdf"
"http://www.cpami.gov.tw/chinese/index.php?option=com_filedownload&task=hits&id=580&Itemid=68","第77次會議紀錄.pdf"
"http://www.cpami.gov.tw/chinese/index.php?option=com_filedownload&task=hits&id=579&Itemid=68","第76次會議紀錄.pdf"
"http://www.cpami.gov.tw/chinese/index.php?option=com_filedownload&task=hits&id=578&Itemid=68","第75次會議紀錄.pdf"
"http://www.cpami.gov.tw/chinese/index.php?option=com_filedownload&task=hits&id=577&Itemid=68","第74次會議紀錄.pdf"
"http://www.cpami.gov.tw/chinese/index.php?option=com_filedownload&task=hits&id=576&Itemid=68","第73次會議紀錄.pdf"
"http://www.cpami.gov.tw/chinese/index.php?option=com_filedownload&task=hits&id=575&Itemid=68","第72次會議紀錄.pdf"
"http://www.cpami.gov.tw/chinese/index.php?option=com_filedownload&task=hits&id=574&Itemid=68","第71次會議紀錄.pdf"
"http://www.cpami.gov.tw/chinese/index.php?option=com_filedownload&task=hits&id=573&Itemid=68","第70次會議紀錄.pdf"
"http://www.cpami.gov.tw/chinese/index.php?option=com_filedownload&task=hits&id=572&Itemid=68","第69次會議紀錄.pdf"
"http://www.cpami.gov.tw/chinese/index.php?option=com_filedownload&task=hits&id=571&Itemid=68","第68次會議紀錄.pdf"
"http://www.cpami.gov.tw/chinese/index.php?option=com_filedownload&task=hits&id=570&Itemid=68","第67次會議紀錄.pdf"
"http://www.cpami.gov.tw/chinese/index.php?option=com_filedownload&task=hits&id=569&Itemid=68","第66次會議紀錄.pdf"
"http://www.cpami.gov.tw/chinese/index.php?option=com_filedownload&task=hits&id=568&Itemid=68","第65次會議紀錄.pdf"
"http://www.cpami.gov.tw/chinese/index.php?option=com_filedownload&task=hits&id=567&Itemid=68","第64次會議紀錄.pdf"
"http://www.cpami.gov.tw/chinese/index.php?option=com_filedownload&task=hits&id=566&Itemid=68","第63次會議紀錄.pdf"
"http://www.cpami.gov.tw/chinese/index.php?option=com_filedownload&task=hits&id=565&Itemid=68","第62次會議紀錄.pdf"
"http://www.cpami.gov.tw/chinese/index.php?option=com_filedownload&task=hits&id=564&Itemid=68","第61次會議紀錄（無）."
"http://www.cpami.gov.tw/chinese/index.php?option=com_filedownload&task=hits&id=563&Itemid=68","第60次會議紀錄.pdf"
"http://www.cpami.gov.tw/chinese/index.php?option=com_filedownload&task=hits&id=562&Itemid=68","第59次會議紀錄.pdf"
"http://www.cpami.gov.tw/chinese/index.php?option=com_filedownload&task=hits&id=561&Itemid=68","第58次會議紀錄.pdf"
"http://www.cpami.gov.tw/chinese/index.php?option=com_filedownload&task=hits&id=560&Itemid=68","第57次會議紀錄.pdf"
"http://www.cpami.gov.tw/chinese/index.php?option=com_filedownload&task=hits&id=559&Itemid=68","第56次會議紀錄.pdf"
"http://www.cpami.gov.tw/chinese/index.php?option=com_filedownload&task=hits&id=558&Itemid=68","第55次會議紀錄.pdf"
"http://www.cpami.gov.tw/chinese/index.php?option=com_filedownload&task=hits&id=557&Itemid=68","第54次會議紀錄.pdf"
"http://www.cpami.gov.tw/chinese/index.php?option=com_filedownload&task=hits&id=556&Itemid=68","第53次會議紀錄.pdf"
"http://www.cpami.gov.tw/chinese/index.php?option=com_filedownload&task=hits&id=555&Itemid=68","第52次會議紀錄.pdf"
"http://www.cpami.gov.tw/chinese/index.php?option=com_filedownload&task=hits&id=554&Itemid=68","第51次會議紀錄.pdf"
"http://www.cpami.gov.tw/chinese/index.php?option=com_filedownload&task=hits&id=553&Itemid=68","第50次會議紀錄.pdf"
"http://www.cpami.gov.tw/chinese/index.php?option=com_filedownload&task=hits&id=552&Itemid=68","第49次會議紀錄.pdf"
"http://www.cpami.gov.tw/chinese/index.php?option=com_filedownload&task=hits&id=551&Itemid=68","第48次會議紀錄.pdf"
"http://www.cpami.gov.tw/chinese/index.php?option=com_filedownload&task=hits&id=550&Itemid=68","第47次會議紀錄.pdf"
"http://www.cpami.gov.tw/chinese/index.php?option=com_filedownload&task=hits&id=549&Itemid=68","第46次會議紀錄.pdf"
"http://www.cpami.gov.tw/chinese/index.php?option=com_filedownload&task=hits&id=548&Itemid=68","第45次會議紀錄.pdf"
"http://www.cpami.gov.tw/chinese/index.php?option=com_filedownload&task=hits&id=547&Itemid=68","第44次會議紀錄.pdf"
"http://www.cpami.gov.tw/chinese/index.php?option=com_filedownload&task=hits&id=546&Itemid=68","第43次會議紀錄.pdf"
"http://www.cpami.gov.tw/chinese/index.php?option=com_filedownload&task=hits&id=545&Itemid=68","第42次會議紀錄.pdf"
"http://www.cpami.gov.tw/chinese/index.php?option=com_filedownload&task=hits&id=544&Itemid=68","第41次會議紀錄.pdf"
"http://www.cpami.gov.tw/chinese/index.php?option=com_filedownload&task=hits&id=543&Itemid=68","第40次會議紀錄.pdf"
"http://www.cpami.gov.tw/chinese/index.php?option=com_filedownload&task=hits&id=542&Itemid=68","第39次會議紀錄.pdf"
"http://www.cpami.gov.tw/chinese/index.php?option=com_filedownload&task=hits&id=541&Itemid=68","第38次會議紀錄.pdf"
"http://www.cpami.gov.tw/chinese/index.php?option=com_filedownload&task=hits&id=540&Itemid=68","第37次會議紀錄.pdf"
"http://www.cpami.gov.tw/chinese/index.php?option=com_filedownload&task=hits&id=539&Itemid=68","第36次會議紀錄.pdf"
"http://www.cpami.gov.tw/chinese/index.php?option=com_filedownload&task=hits&id=538&Itemid=68","第35次會議紀錄.pdf"
"http://www.cpami.gov.tw/chinese/index.php?option=com_filedownload&task=hits&id=537&Itemid=68","第34次會議紀錄.pdf"
"http://www.cpami.gov.tw/chinese/index.php?option=com_filedownload&task=hits&id=536&Itemid=68","第33次會議紀錄.pdf"
"http://www.cpami.gov.tw/chinese/index.php?option=com_filedownload&task=hits&id=535&Itemid=68","第32次會議紀錄.pdf"
"http://www.cpami.gov.tw/chinese/index.php?option=com_filedownload&task=hits&id=534&Itemid=68","第31次會議紀錄.pdf"
"http://www.cpami.gov.tw/chinese/index.php?option=com_filedownload&task=hits&id=533&Itemid=68","第30次會議紀錄.pdf"
"http://www.cpami.gov.tw/chinese/index.php?option=com_filedownload&task=hits&id=532&Itemid=68","第29次會議紀錄.pdf"
"http://www.cpami.gov.tw/chinese/index.php?option=com_filedownload&task=hits&id=531&Itemid=68","第28次會議紀錄.pdf"
"http://www.cpami.gov.tw/chinese/index.php?option=com_filedownload&task=hits&id=530&Itemid=68","第27次會議紀錄.pdf"
"http://www.cpami.gov.tw/chinese/index.php?option=com_filedownload&task=hits&id=529&Itemid=68","第26次會議紀錄.pdf"
"http://www.cpami.gov.tw/chinese/index.php?option=com_filedownload&task=hits&id=528&Itemid=68","第25次會議紀錄.pdf"
"http://www.cpami.gov.tw/chinese/index.php?option=com_filedownload&task=hits&id=527&Itemid=68","第24次會議紀錄.pdf"
"http://www.cpami.gov.tw/chinese/index.php?option=com_filedownload&task=hits&id=526&Itemid=68","第23次會議紀錄.pdf"
"http://www.cpami.gov.tw/chinese/index.php?option=com_filedownload&task=hits&id=525&Itemid=68","第22次會議紀錄.pdf"
"http://www.cpami.gov.tw/chinese/index.php?option=com_filedownload&task=hits&id=524&Itemid=68","第21次會議紀錄.pdf"
"http://www.cpami.gov.tw/chinese/index.php?option=com_filedownload&task=hits&id=523&Itemid=68","第20次會議紀錄.pdf"
"http://www.cpami.gov.tw/chinese/index.php?option=com_filedownload&task=hits&id=522&Itemid=68","第19次會議紀錄.pdf"
"http://www.cpami.gov.tw/chinese/index.php?option=com_filedownload&task=hits&id=521&Itemid=68","第18次會議紀錄.pdf"
"http://www.cpami.gov.tw/chinese/index.php?option=com_filedownload&task=hits&id=520&Itemid=68","第17次會議紀錄.pdf"
"http://www.cpami.gov.tw/chinese/index.php?option=com_filedownload&task=hits&id=519&Itemid=68","第16次會議紀錄.pdf"
"http://www.cpami.gov.tw/chinese/index.php?option=com_filedownload&task=hits&id=518&Itemid=68","第15次會議紀錄.pdf"
"http://www.cpami.gov.tw/chinese/index.php?option=com_filedownload&task=hits&id=517&Itemid=68","第14次會議紀錄.pdf"
"http://www.cpami.gov.tw/chinese/index.php?option=com_filedownload&task=hits&id=516&Itemid=68","第13次會議紀錄.pdf"
"http://www.cpami.gov.tw/chinese/index.php?option=com_filedownload&task=hits&id=515&Itemid=68","第12次會議紀錄.pdf"
"http://www.cpami.gov.tw/chinese/index.php?option=com_filedownload&task=hits&id=514&Itemid=68","第11次會議紀錄.pdf"
"http://www.cpami.gov.tw/chinese/index.php?option=com_filedownload&task=hits&id=513&Itemid=68","第10次會議紀錄.pdf"
"http://www.cpami.gov.tw/chinese/index.php?option=com_filedownload&task=hits&id=512&Itemid=68","第9次會議紀錄.pdf"
"http://www.cpami.gov.tw/chinese/index.php?option=com_filedownload&task=hits&id=511&Itemid=68","第8次會議紀錄.pdf"
"http://www.cpami.gov.tw/chinese/index.php?option=com_filedownload&task=hits&id=510&Itemid=68","第7次會議紀錄.pdf"
"http://www.cpami.gov.tw/chinese/index.php?option=com_filedownload&task=hits&id=509&Itemid=68","第6次會議紀錄.pdf"
"http://www.cpami.gov.tw/chinese/index.php?option=com_filedownload&task=hits&id=508&Itemid=68","第5次會議紀錄.pdf"
"http://www.cpami.gov.tw/chinese/index.php?option=com_filedownload&task=hits&id=507&Itemid=68","第4次會議紀錄.pdf"
"http://www.cpami.gov.tw/chinese/index.php?option=com_filedownload&task=hits&id=506&Itemid=68","第3次會議紀錄.pdf"
"http://www.cpami.gov.tw/chinese/index.php?option=com_filedownload&task=hits&id=505&Itemid=68","第2次會議紀錄.pdf"
"http://www.cpami.gov.tw/chinese/index.php?option=com_filedownload&task=hits&id=504&Itemid=68","第1次會議紀錄.pdf"
