"filelink","filename","filetype"
"http://kupc.kcg.gov.tw/KUPC/web_upload/KPA0007/20160120102922-1.pdf","高雄市都市計畫委員會第51次會議紀錄","pdf"
"http://kupc.kcg.gov.tw/KUPC/web_upload/KPA0007/20160106105025-1.pdf","高雄市都市計畫委員會第50次會議紀錄 ","pdf"
"http://kupc.kcg.gov.tw/KUPC/web_upload/KPA0007/20151020095052-1.pdf","高雄市都市計畫委員會第49次會議紀錄 ","pdf"
"http://kupc.kcg.gov.tw/KUPC/web_upload/KPA0007/20150916154501-1.pdf","高雄市都市計畫委員會第48次會議紀錄","pdf"
"http://kupc.kcg.gov.tw/KUPC/web_upload/KPA0007/20150722155327-1.pdf","高雄市都市計畫委員會第47次會議紀錄","pdf"
"http://kupc.kcg.gov.tw/KUPC/web_upload/KPA0007/20150630083105-1.pdf","高雄市都市計畫委員會第46次會議紀錄","pdf"
"http://kupc.kcg.gov.tw/KUPC/web_upload/KPA0007/20150527113339-1.pdf","高雄市都市計畫委員會第45次會議紀錄","pdf"
"http://kupc.kcg.gov.tw/KUPC/web_upload/KPA0007/20150416115734-1.pdf","高雄市都市計畫委員會第44次會議紀錄","pdf"
"http://kupc.kcg.gov.tw/KUPC/web_upload/KPA0007/20150331162514-1.pdf","高雄市都市計畫委員會第43次會議紀錄","pdf"
"http://kupc.kcg.gov.tw/KUPC/web_upload/KPA0007/20141127190013-1.pdf","高雄市都市計畫委員會第42次會議紀錄 ","pdf"
"http://kupc.kcg.gov.tw/KUPC/web_upload/KPA0007/20141023102623-1.doc","高雄市都市計畫委員會第41次會議紀錄 ","doc"
"http://kupc.kcg.gov.tw/KUPC/web_upload/KPA0007/20160128134411-1.pdf","高雄市都市計畫委員會第40次會議紀錄","pdf"
"http://kupc.kcg.gov.tw/KUPC/web_upload/KPA0007/20140716103732-1.pdf","高雄市都市計畫委員會第39次會議紀錄","pdf"
"http://kupc.kcg.gov.tw/KUPC/web_upload/KPA0007/20140604174431-1.pdf","高雄市都市計畫委員會第38次會議紀錄","pdf"
"http://kupc.kcg.gov.tw/KUPC/web_upload/KPA0007/20140326192051-1.pdf","高雄市都市計畫委員會第37次會議紀錄","pdf"
"http://kupc.kcg.gov.tw/KUPC/web_upload/KPA0007/20140117093405-1.doc","高雄市都市計畫委員會第36次會議紀錄1","doc"
"http://kupc.kcg.gov.tw/KUPC/web_upload/KPA0007/20140117095000-1.pdf","高雄市都市計畫委員會第36次會議紀錄2","pdf"
"http://kupc.kcg.gov.tw/KUPC/web_upload/KPA0007/20140117095146-1.pdf","高雄市都市計畫委員會第36次會議紀錄3","pdf"
"http://kupc.kcg.gov.tw/KUPC/web_upload/KPA0007/20140117095307-1.pdf","高雄市都市計畫委員會第36次會議紀錄4","pdf"
"http://kupc.kcg.gov.tw/KUPC/web_upload/KPA0007/20140117095549-1.pdf","高雄市都市計畫委員會第36次會議紀錄5-1","pdf"
"http://kupc.kcg.gov.tw/KUPC/web_upload/KPA0007/20140117095701-1.pdf","高雄市都市計畫委員會第36次會議紀錄5-2","pdf"
"http://kupc.kcg.gov.tw/KUPC/web_upload/KPA0007/20140128112710-1.pdf","高雄市都市計畫委員會第36次會議紀錄5-3","pdf"
"http://kupc.kcg.gov.tw/KUPC/web_upload/KPA0007/20140117100035-1.pdf","高雄市都市計畫委員會第36次會議紀錄5-4","pdf"
"http://kupc.kcg.gov.tw/KUPC/web_upload/KPA0007/20140106100148-1.pdf","高雄市都市計畫委員會第35次會議紀錄 　","pdf"
"http://kupc.kcg.gov.tw/KUPC/web_upload/KPA0007/20131112152441-1.pdf","高雄市都市計畫委員會第34次會議紀錄","pdf"
"http://kupc.kcg.gov.tw/KUPC/web_upload/KPA0007/20131018111804-1.pdf","高雄市都市計畫委員會第33次會議紀錄","pdf"
"http://kupc.kcg.gov.tw/KUPC/web_upload/KPA0007/20130926095225-1.pdf","高雄市都市計畫委員會第32次會議紀錄 ","pdf"
"http://kupc.kcg.gov.tw/KUPC/web_upload/KPA0007/20130815155316-1.pdf","高雄市都市計畫委員會第31次會議紀錄","pdf"
"http://kupc.kcg.gov.tw/KUPC/web_upload/KPA0007/20130730084212-1.pdf","高雄市都市計畫委員會第30次會議紀錄 ","pdf"
"http://kupc.kcg.gov.tw/KUPC/web_upload/KPA0007/20130611172910-1.pdf","高雄市都市計畫委員會第29次會議紀錄 ","pdf"
"http://kupc.kcg.gov.tw/KUPC/web_upload/KPA0007/20130508112554-1.pdf","高雄市都市計畫委員會第28次會議紀錄","pdf"
"http://kupc.kcg.gov.tw/KUPC/web_upload/KPA0007/20130424180327-1.pdf","高雄市都市計畫委員會第27次會議紀錄 ","pdf"
"http://kupc.kcg.gov.tw/KUPC/web_upload/KPA0007/20130314105108-1.pdf","高雄市都市計畫委員會第26次會議紀錄 ","pdf"
"http://kupc.kcg.gov.tw/KUPC/web_upload/KPA0007/20140502164755-1.pdf","高雄市都市計畫委員會第25次會議紀錄 ","pdf"
"http://kupc.kcg.gov.tw/KUPC/web_upload/KPA0007/20130114135357-1.pdf","高雄市都市計畫委員會第24次會議紀錄","pdf"
"http://kupc.kcg.gov.tw/KUPC/web_upload/KPA0007/20121213113850-1.pdf","高雄市都市計畫委員會第23次會議紀錄","pdf"
"http://kupc.kcg.gov.tw/KUPC/web_upload/KPA0007/20121114085134-1.pdf","高雄市都市計畫委員會第22次會議紀錄","pdf"
"http://kupc.kcg.gov.tw/KUPC/web_upload/KPA0007/20121017163935-1.pdf","高雄市都市計畫委員會第21次會議紀錄1 ","pdf"
"http://kupc.kcg.gov.tw/KUPC/web_upload/KPA0007/20121213120140-1.pdf","第21次會議紀錄2表二變更內容綜理表決議 ","pdf"
"http://kupc.kcg.gov.tw/KUPC/web_upload/KPA0007/20121213121004-1.pdf","第21次會議紀錄3表三公展期間人陳綜理表決議","pdf"
"http://kupc.kcg.gov.tw/KUPC/web_upload/KPA0007/20121213121139-1.pdf","第21次會議紀錄4表四公開徵求意見期間人陳綜理表決議","pdf"
"http://kupc.kcg.gov.tw/KUPC/web_upload/KPA0007/20121213121335-1.pdf","第21次會議紀錄5表五土地使用管制綜理表決議 ","pdf"
"http://kupc.kcg.gov.tw/KUPC/web_upload/KPA0007/20121213121451-1.pdf","第21次會議紀錄6表六都市設計基準大會","pdf"
"http://kupc.kcg.gov.tw/KUPC/web_upload/KPA0007/20121213121619-1.pdf","第21次會議紀錄7表二--附圖","pdf"
"http://kupc.kcg.gov.tw/KUPC/web_upload/KPA0007/20120906134934-1.pdf","高雄市都市計畫委員會第20次會議紀錄 ","pdf"
"http://kupc.kcg.gov.tw/KUPC/web_upload/KPA0007/20120813105949-1.pdf","高雄市都市計畫委員會第19次會議紀錄 ","pdf"
"http://kupc.kcg.gov.tw/KUPC/web_upload/KPA0007/20120718140659-1.pdf","高雄市都市計畫委員會第18次會議紀錄","pdf"
"http://kupc.kcg.gov.tw/KUPC/web_upload/KPA0007/20120704114524-1.pdf","高雄市都市計畫委員會第17次會議紀錄","pdf"
"http://kupc.kcg.gov.tw/KUPC/web_upload/KPA0007/20120601172219-1.pdf","高雄市都市計畫委員會第16次會議紀錄","pdf"
"http://kupc.kcg.gov.tw/KUPC/web_upload/KPA0007/20120503172741-1.pdf","高雄市都市計畫委員會第15次會議紀錄 ","pdf"
"http://kupc.kcg.gov.tw/KUPC/web_upload/KPA0007/20120416113950-1.pdf","高雄市都市計畫委員會第14次會議紀錄 ","pdf"
"http://kupc.kcg.gov.tw/KUPC/web_upload/KPA0007/20120112174107-1.pdf","高雄市都市計畫委員會第13次會議紀錄 ","pdf"
"http://kupc.kcg.gov.tw/KUPC/web_upload/KPA0007/20111208132714-1.pdf","高雄市都市計畫委員會第12次會議紀錄 ","pdf"
"http://kupc.kcg.gov.tw/KUPC/web_upload/KPA0007/20111114100426-1.pdf","高雄市都市計畫委員會第11次會議紀錄 ","pdf"
"http://kupc.kcg.gov.tw/KUPC/web_upload/KPA0007/20111014104209-1.pdf","高雄市都市計畫委員會第10次會議紀錄","pdf"
"http://kupc.kcg.gov.tw/KUPC/web_upload/KPA0007/20110928164306-1.pdf","高雄市都市計畫委員會第9次會議紀錄","pdf"
"http://kupc.kcg.gov.tw/KUPC/web_upload/KPA0007/20110901170710-1.pdf","高雄市都市計畫委員會第8次會議紀錄","pdf"
"http://kupc.kcg.gov.tw/KUPC/web_upload/KPA0007/20110818180800-1.pdf","高雄市都市計畫委員會第7次會議紀錄","pdf"
"http://kupc.kcg.gov.tw/KUPC/web_upload/KPA0007/20110729112657-1.pdf","高雄市都市計畫委員會第6次會議紀錄","pdf"
"http://kupc.kcg.gov.tw/KUPC/web_upload/KPA0007/20110725124833-1.pdf","高雄市都市計畫委員會第5次會議紀錄","pdf"
"http://kupc.kcg.gov.tw/KUPC/web_upload/KPA0007/20110624172855-1.pdf","高雄市都市計畫委員會第4次會議紀錄","pdf"
"http://kupc.kcg.gov.tw/KUPC/web_upload/KPA0007/20110510162429-1.pdf","高雄市都市計畫委員會第3次會議紀錄","pdf"
"http://kupc.kcg.gov.tw/KUPC/web_upload/KPA0007/20110308125550-1.pdf","高雄市都市計畫委員會第2次會議紀錄","pdf"
"http://kupc.kcg.gov.tw/KUPC/web_upload/KPA0007/20110221105251-1.pdf","高雄市都市計畫委員會第1次會議紀錄","pdf"
"http://kupc.kcg.gov.tw/KUPC/web_upload/KPA0007/20110922124241-1.pdf","高雄縣都市計畫委員會第134次會議紀錄","pdf"
"http://kupc.kcg.gov.tw/KUPC/web_upload/KPA0007/20110111112632-1.pdf","第347次大會","pdf"
"http://kupc.kcg.gov.tw/KUPC/web_upload/KPA0007/20110922113605-1.pdf","高雄縣都市計畫委員會第133次會議紀錄","pdf"
"http://kupc.kcg.gov.tw/KUPC/web_upload/KPA0007/20110922113032-1.pdf","高雄縣都市計畫委員會第132次會議紀錄","pdf"
"http://kupc.kcg.gov.tw/KUPC/web_upload/KPA0007/20110922112515-1.pdf","高雄縣都市計畫委員會第131次會議紀錄","pdf"
"http://kupc.kcg.gov.tw/KUPC/web_upload/KPA0007/20101020164530-1.pdf","第346次大會 ","pdf"
"http://kupc.kcg.gov.tw/KUPC/web_upload/KPA0007/20110922103241-1.pdf","高雄縣都市計畫委員會第130次會議紀錄","pdf"
"http://kupc.kcg.gov.tw/KUPC/web_upload/KPA0007/20100906140207-1.pdf","第345次大會 ","pdf"
"http://kupc.kcg.gov.tw/KUPC/web_upload/KPA0007/20100817090622-1.pdf","第344次大會 ","pdf"
"http://kupc.kcg.gov.tw/KUPC/web_upload/KPA0007/20110516125357-1.pdf","高雄縣都市計畫委員會第129次會議紀錄","pdf"
"http://kupc.kcg.gov.tw/KUPC/web_upload/KPA0007/20100708092112-1.pdf","第343次大會 ","pdf"
"http://kupc.kcg.gov.tw/KUPC/web_upload/KPA0007/20110516125322-1.pdf","高雄縣都市計畫委員會第128次會議紀錄","pdf"
"http://kupc.kcg.gov.tw/KUPC/web_upload/KPA0007/20110422090902-1.pdf","第342次大會 ","pdf"
"http://kupc.kcg.gov.tw/KUPC/web_upload/KPA0007/20110516125251-1.pdf","高雄縣都市計畫委員會第127次會議紀錄","pdf"
"http://kupc.kcg.gov.tw/KUPC/web_upload/KPA0007/20110516125208-1.pdf","高雄縣都市計畫委員會第126次會議紀錄","pdf"
"http://kupc.kcg.gov.tw/KUPC/web_upload/KPA0007/20110516125104-1.pdf","高雄縣都市計畫委員會第125次會議紀錄","pdf"
"http://kupc.kcg.gov.tw/KUPC/web_upload/KPA0007/20100413161231-1.pdf","第341次大會","pdf"
"http://kupc.kcg.gov.tw/KUPC/web_upload/KPA0007/20100304111810-1.pdf","第340次大會","pdf"
"http://kupc.kcg.gov.tw/KUPC/web_upload/KPA0007/20110516125025-1.pdf","高雄縣都市計畫委員會第124次會議紀錄","pdf"
"http://kupc.kcg.gov.tw/KUPC/web_upload/KPA0007/20100115120126-1.pdf","第339次大會","pdf"
"http://kupc.kcg.gov.tw/KUPC/web_upload/KPA0007/20110516120543-1.pdf","高雄縣都市計畫委員會第123次會議紀錄","pdf"
"http://kupc.kcg.gov.tw/KUPC/web_upload/KPA0007/20091225150229-1.pdf","第338次大會","pdf"
"http://kupc.kcg.gov.tw/KUPC/web_upload/KPA0007/20110516120439-1.pdf","高雄縣都市計畫委員會第122次會議紀錄","pdf"
"http://kupc.kcg.gov.tw/KUPC/web_upload/KPA0007/20091127123300-1.pdf","第337次大會","pdf"
"http://kupc.kcg.gov.tw/KUPC/web_upload/KPA0007/20110516120333-1.pdf","高雄縣都市計畫委員會第121次會議紀錄","pdf"
"http://kupc.kcg.gov.tw/KUPC/web_upload/KPA0007/20110516120223-1.pdf","高雄縣都市計畫委員會第120次會議紀錄","pdf"
"http://kupc.kcg.gov.tw/KUPC/web_upload/KPA0007/20090925190718-1.pdf","第336次大會","pdf"
"http://kupc.kcg.gov.tw/KUPC/web_upload/KPA0007/20110516120122-1.pdf","高雄縣都市計畫委員會第119次會議紀錄","pdf"
"http://kupc.kcg.gov.tw/KUPC/web_upload/KPA0007/20090731163540-1.pdf","第335次大會","pdf"
"http://kupc.kcg.gov.tw/KUPC/web_upload/KPA0007/20090703093611-1.pdf","第334次大會","pdf"
"http://kupc.kcg.gov.tw/KUPC/web_upload/KPA0007/20090521093150-1.pdf","第333次大會","pdf"
"http://kupc.kcg.gov.tw/KUPC/web_upload/KPA0007/20110516120011-1.pdf","高雄縣都市計畫委員會第117次會議紀錄","pdf"
"http://kupc.kcg.gov.tw/KUPC/web_upload/KPA0007/20090518121631-1.pdf","第332次大會","pdf"
"http://kupc.kcg.gov.tw/KUPC/web_upload/KPA0007/20110516115940-1.pdf","高雄縣都市計畫委員會第116次會議紀錄","pdf"
"http://kupc.kcg.gov.tw/KUPC/web_upload/KPA0007/20110516115858-1.pdf","高雄縣都市計畫委員會第115次會議紀錄","pdf"
"http://kupc.kcg.gov.tw/KUPC/web_upload/KPA0007/20090113094047-1.pdf","第331次大會","pdf"
"http://kupc.kcg.gov.tw/KUPC/web_upload/KPA0007/20110516115808-1.pdf","高雄縣都市計畫委員會第114次會議紀錄","pdf"
"http://kupc.kcg.gov.tw/KUPC/web_upload/KPA0007/20081225144239-1.pdf","第330次大會","pdf"
"http://kupc.kcg.gov.tw/KUPC/web_upload/KPA0007/20110516115654-1.pdf","高雄縣都市計畫委員會第113次會議紀錄","pdf"
"http://kupc.kcg.gov.tw/KUPC/web_upload/KPA0007/20081103172949-1.pdf","第329次大會","pdf"
"http://kupc.kcg.gov.tw/KUPC/web_upload/KPA0007/20110516115605-1.pdf","高雄縣都市計畫委員會第112次會議紀錄","pdf"
"http://kupc.kcg.gov.tw/KUPC/web_upload/KPA0007/20080929163802-1.pdf","第328次大會","pdf"
"http://kupc.kcg.gov.tw/KUPC/web_upload/KPA0007/20110516115458-1.pdf","高雄縣都市計畫委員會第111次會議紀錄","pdf"
"http://kupc.kcg.gov.tw/KUPC/web_upload/KPA0007/20080722150030-1.pdf","第327次大會","pdf"
"http://kupc.kcg.gov.tw/KUPC/web_upload/KPA0007/20080619141125-1.pdf","第326次大會","pdf"
"http://kupc.kcg.gov.tw/KUPC/web_upload/KPA0007/20110516115418-1.pdf","高雄縣都市計畫委員會第110次會議紀錄","pdf"
"http://kupc.kcg.gov.tw/KUPC/web_upload/KPA0007/20080606095731-1.pdf","第325次大會","pdf"
"http://kupc.kcg.gov.tw/KUPC/web_upload/KPA0007/20110516115307-1.pdf","高雄縣都市計畫委員會第109次會議紀錄","pdf"
"http://kupc.kcg.gov.tw/KUPC/web_upload/KPA0007/20080505174943-1.pdf","第324次大會","pdf"
"http://kupc.kcg.gov.tw/KUPC/web_upload/KPA0007/20110516115148-1.pdf","高雄縣都市計畫委員會第108次會議紀錄","pdf"
"http://kupc.kcg.gov.tw/KUPC/web_upload/KPA0007/20080318115432-1.pdf","第323次大會","pdf"
"http://kupc.kcg.gov.tw/KUPC/web_upload/KPA0007/20110516115050-1.pdf","高雄縣都市計畫委員會第107次會議紀錄","pdf"
"http://kupc.kcg.gov.tw/KUPC/web_upload/KPA0007/20110516114926-1.pdf","高雄縣都市計畫委員會第106次會議紀錄","pdf"
"http://kupc.kcg.gov.tw/KUPC/web_upload/KPA0007/20071226174606-1.pdf","第322次大會","pdf"
"http://kupc.kcg.gov.tw/KUPC/web_upload/KPA0007/20071106161805-1.pdf","第321次大會","pdf"
"http://kupc.kcg.gov.tw/KUPC/web_upload/KPA0007/20110516114830-1.pdf","高雄縣都市計畫委員會第105次會議紀錄","pdf"
"http://kupc.kcg.gov.tw/KUPC/web_upload/KPA0007/20071030134507-1.pdf","第320次大會","pdf"
"http://kupc.kcg.gov.tw/KUPC/web_upload/KPA0007/20110516114727-1.pdf","高雄縣都市計畫委員會第104次會議紀錄","pdf"
"http://kupc.kcg.gov.tw/KUPC/web_upload/KPA0007/20071030134153-1.pdf","第319次大會","pdf"
"http://kupc.kcg.gov.tw/KUPC/web_upload/KPA0007/20110516131101-1.pdf","高雄縣都市計畫委員會第103次會議紀錄","pdf"
"http://kupc.kcg.gov.tw/KUPC/web_upload/KPA0007/20071030133545-1.pdf","第318次大會","pdf"
"http://kupc.kcg.gov.tw/KUPC/web_upload/KPA0007/317.pdf","第317次大會","pdf"
"http://kupc.kcg.gov.tw/KUPC/web_upload/KPA0007/316.pdf","第316次大會","pdf"
"http://kupc.kcg.gov.tw/KUPC/web_upload/KPA0007/315.pdf","第315次大會","pdf"
"http://kupc.kcg.gov.tw/KUPC/web_upload/KPA0007/314.pdf","第314次大會","pdf"
"http://kupc.kcg.gov.tw/KUPC/web_upload/KPA0007/313.pdf","第313次大會","pdf"
"http://kupc.kcg.gov.tw/KUPC/web_upload/KPA0007/312.pdf","第312次大會","pdf"
"http://kupc.kcg.gov.tw/KUPC/web_upload/KPA0007/311.pdf","第311次大會","pdf"
"http://kupc.kcg.gov.tw/KUPC/web_upload/KPA0007/310.pdf","第310次大會","pdf"
"http://kupc.kcg.gov.tw/KUPC/web_upload/KPA0007/309.pdf","第309次大會","pdf"
"http://kupc.kcg.gov.tw/KUPC/web_upload/KPA0007/308.pdf","第308次大會","pdf"
"http://kupc.kcg.gov.tw/KUPC/web_upload/KPA0007/307.pdf","第307次大會","pdf"
"http://kupc.kcg.gov.tw/KUPC/web_upload/KPA0007/306.pdf","第306次大會","pdf"
"http://kupc.kcg.gov.tw/KUPC/web_upload/KPA0007/305.pdf","第305次大會","pdf"
"http://kupc.kcg.gov.tw/KUPC/web_upload/KPA0007/304.pdf","第304次大會","pdf"
"http://kupc.kcg.gov.tw/KUPC/web_upload/KPA0007/303.pdf","第303次大會","pdf"
"http://kupc.kcg.gov.tw/KUPC/web_upload/KPA0007/302.pdf","第302次大會","pdf"
"http://kupc.kcg.gov.tw/KUPC/web_upload/KPA0007/301.pdf","第301次大會","pdf"
"http://kupc.kcg.gov.tw/KUPC/web_upload/KPA0007/300.pdf","第300次大會","pdf"
"http://kupc.kcg.gov.tw/KUPC/web_upload/KPA0007/299.pdf","第299次大會","pdf"
"http://kupc.kcg.gov.tw/KUPC/web_upload/KPA0007/298.pdf","第298次大會","pdf"
"http://kupc.kcg.gov.tw/KUPC/web_upload/KPA0007/297.pdf","第297次大會","pdf"
"http://kupc.kcg.gov.tw/KUPC/web_upload/KPA0007/296.pdf","第296次大會","pdf"
"http://kupc.kcg.gov.tw/KUPC/web_upload/KPA0007/295.pdf","第295次大會","pdf"
"http://kupc.kcg.gov.tw/KUPC/web_upload/KPA0007/294.pdf","第294次大會","pdf"
"http://kupc.kcg.gov.tw/KUPC/web_upload/KPA0007/293.pdf","第293次大會","pdf"
"http://kupc.kcg.gov.tw/KUPC/web_upload/KPA0007/292.pdf","第292次大會","pdf"
"http://kupc.kcg.gov.tw/KUPC/web_upload/KPA0007/291.pdf","第291次大會","pdf"
"http://kupc.kcg.gov.tw/KUPC/web_upload/KPA0007/290.pdf","第290次大會","pdf"
"http://kupc.kcg.gov.tw/KUPC/web_upload/KPA0007/289.pdf","第289次大會","pdf"
"http://kupc.kcg.gov.tw/KUPC/web_upload/KPA0007/288.pdf","第288次大會","pdf"
"http://kupc.kcg.gov.tw/KUPC/web_upload/KPA0007/287.pdf","第287次大會","pdf"
"http://kupc.kcg.gov.tw/KUPC/web_upload/KPA0007/286.pdf","第286次大會","pdf"
"http://kupc.kcg.gov.tw/KUPC/web_upload/KPA0007/285.pdf","第285次大會","pdf"
"http://kupc.kcg.gov.tw/KUPC/web_upload/KPA0007/284.pdf","第284次大會","pdf"
"http://kupc.kcg.gov.tw/KUPC/web_upload/KPA0007/283.pdf","第283次大會","pdf"
"http://kupc.kcg.gov.tw/KUPC/web_upload/KPA0007/282.pdf","第282次大會","pdf"
"http://kupc.kcg.gov.tw/KUPC/web_upload/KPA0007/281.pdf","第281次大會","pdf"
"http://kupc.kcg.gov.tw/KUPC/web_upload/KPA0007/280.pdf","第280次大會","pdf"
"http://kupc.kcg.gov.tw/KUPC/web_upload/KPA0007/279.pdf","第279次大會","pdf"
"http://kupc.kcg.gov.tw/KUPC/web_upload/KPA0007/278.pdf","第278次大會","pdf"
"http://kupc.kcg.gov.tw/KUPC/web_upload/KPA0007/277.pdf","第277次大會","pdf"
"http://kupc.kcg.gov.tw/KUPC/web_upload/KPA0007/276.pdf","第276次大會","pdf"
"http://kupc.kcg.gov.tw/KUPC/web_upload/KPA0007/275.pdf","第275次大會","pdf"
"http://kupc.kcg.gov.tw/KUPC/web_upload/KPA0007/274.pdf","第274次大會","pdf"
"http://kupc.kcg.gov.tw/KUPC/web_upload/KPA0007/273.pdf","第273次大會","pdf"
"http://kupc.kcg.gov.tw/KUPC/web_upload/KPA0007/272.pdf","第272次大會","pdf"
"http://kupc.kcg.gov.tw/KUPC/web_upload/KPA0007/271.pdf","第271次大會","pdf"
"http://kupc.kcg.gov.tw/KUPC/web_upload/KPA0007/270.pdf","第270次大會","pdf"
"http://kupc.kcg.gov.tw/KUPC/web_upload/KPA0007/269.pdf","第269次大會","pdf"
"http://kupc.kcg.gov.tw/KUPC/web_upload/KPA0007/268.pdf","第268次大會","pdf"
"http://kupc.kcg.gov.tw/KUPC/web_upload/KPA0007/267.pdf","第267次大會","pdf"
"http://kupc.kcg.gov.tw/KUPC/web_upload/KPA0007/266.pdf","第266次大會","pdf"
"http://kupc.kcg.gov.tw/KUPC/web_upload/KPA0007/265.pdf","第265次大會","pdf"
"http://kupc.kcg.gov.tw/KUPC/web_upload/KPA0007/264.pdf","第264次大會","pdf"
"http://kupc.kcg.gov.tw/KUPC/web_upload/KPA0007/263.pdf","第263次大會","pdf"
"http://kupc.kcg.gov.tw/KUPC/web_upload/KPA0007/262.pdf","第262次大會","pdf"
"http://kupc.kcg.gov.tw/KUPC/web_upload/KPA0007/261.pdf","第261次大會","pdf"
"http://kupc.kcg.gov.tw/KUPC/web_upload/KPA0007/260.pdf","第260次大會","pdf"
"http://kupc.kcg.gov.tw/KUPC/web_upload/KPA0007/259.pdf","第259次大會","pdf"
"http://kupc.kcg.gov.tw/KUPC/web_upload/KPA0007/258.pdf","第258次大會","pdf"
"http://kupc.kcg.gov.tw/KUPC/web_upload/KPA0007/257.pdf","第257次大會","pdf"
"http://kupc.kcg.gov.tw/KUPC/web_upload/KPA0007/256.pdf","第256次大會","pdf"
"http://kupc.kcg.gov.tw/KUPC/web_upload/KPA0007/255.pdf","第255次大會","pdf"
"http://kupc.kcg.gov.tw/KUPC/web_upload/KPA0007/254.pdf","第254次大會","pdf"
"http://kupc.kcg.gov.tw/KUPC/web_upload/KPA0007/253.pdf","第253次大會","pdf"
"http://kupc.kcg.gov.tw/KUPC/web_upload/KPA0007/252.pdf","第252次大會","pdf"
"http://kupc.kcg.gov.tw/KUPC/web_upload/KPA0007/251.pdf","第251次大會","pdf"
"http://kupc.kcg.gov.tw/KUPC/web_upload/KPA0007/250.pdf","第250次大會","pdf"
"http://kupc.kcg.gov.tw/KUPC/web_upload/KPA0007/249.pdf","第249次大會","pdf"
"http://kupc.kcg.gov.tw/KUPC/web_upload/KPA0007/248.pdf","第248次大會","pdf"
"http://kupc.kcg.gov.tw/KUPC/web_upload/KPA0007/247.pdf","第247次大會","pdf"
"http://kupc.kcg.gov.tw/KUPC/web_upload/KPA0007/246.pdf","第246次大會","pdf"
"http://kupc.kcg.gov.tw/KUPC/web_upload/KPA0007/245.pdf","第245次大會","pdf"
"http://kupc.kcg.gov.tw/KUPC/web_upload/KPA0007/244.pdf","第244次大會","pdf"
"http://kupc.kcg.gov.tw/KUPC/web_upload/KPA0007/243.pdf","第243次大會","pdf"
"http://kupc.kcg.gov.tw/KUPC/web_upload/KPA0007/242.pdf","第242次大會","pdf"
"http://kupc.kcg.gov.tw/KUPC/web_upload/KPA0007/241.pdf","第241次大會","pdf"
"http://kupc.kcg.gov.tw/KUPC/web_upload/KPA0007/240.pdf","第240次大會","pdf"
"http://kupc.kcg.gov.tw/KUPC/web_upload/KPA0007/239.pdf","第239次大會","pdf"
"http://kupc.kcg.gov.tw/KUPC/web_upload/KPA0007/238.pdf","第238次大會","pdf"
"http://kupc.kcg.gov.tw/KUPC/web_upload/KPA0007/237.pdf","第237次大會","pdf"
"http://kupc.kcg.gov.tw/KUPC/web_upload/KPA0007/236.pdf","第236次大會","pdf"
"http://kupc.kcg.gov.tw/KUPC/web_upload/KPA0007/235.pdf","第235次大會","pdf"
"http://kupc.kcg.gov.tw/KUPC/web_upload/KPA0007/234.pdf","第234次大會","pdf"
"http://kupc.kcg.gov.tw/KUPC/web_upload/KPA0007/233.pdf","第233次大會","pdf"
"http://kupc.kcg.gov.tw/KUPC/web_upload/KPA0007/232.pdf","第232次大會","pdf"
"http://kupc.kcg.gov.tw/KUPC/web_upload/KPA0007/231.pdf","第231次大會","pdf"
"http://kupc.kcg.gov.tw/KUPC/web_upload/KPA0007/230.pdf","第230次大會","pdf"
"http://kupc.kcg.gov.tw/KUPC/web_upload/KPA0007/229.pdf","第229次大會","pdf"
"http://kupc.kcg.gov.tw/KUPC/web_upload/KPA0007/228.pdf","第228次大會","pdf"
"http://kupc.kcg.gov.tw/KUPC/web_upload/KPA0007/227.pdf","第227次大會","pdf"
"http://kupc.kcg.gov.tw/KUPC/web_upload/KPA0007/226.pdf","第226次大會","pdf"
"http://kupc.kcg.gov.tw/KUPC/web_upload/KPA0007/225.pdf","第225次大會","pdf"
"http://kupc.kcg.gov.tw/KUPC/web_upload/KPA0007/224.pdf","第224次大會","pdf"
"http://kupc.kcg.gov.tw/KUPC/web_upload/KPA0007/223.pdf","第223次大會","pdf"
"http://kupc.kcg.gov.tw/KUPC/web_upload/KPA0007/222.pdf","第222次大會","pdf"
"http://kupc.kcg.gov.tw/KUPC/web_upload/KPA0007/221.pdf","第221次大會","pdf"
"http://kupc.kcg.gov.tw/KUPC/web_upload/KPA0007/220.pdf","第220次大會","pdf"
"http://kupc.kcg.gov.tw/KUPC/web_upload/KPA0007/219.pdf","第219次大會","pdf"
"http://kupc.kcg.gov.tw/KUPC/web_upload/KPA0007/218.pdf","第218次大會","pdf"
"http://kupc.kcg.gov.tw/KUPC/web_upload/KPA0007/217.pdf","第217次大會","pdf"
"http://kupc.kcg.gov.tw/KUPC/web_upload/KPA0007/216.pdf","第216次大會","pdf"
"http://kupc.kcg.gov.tw/KUPC/web_upload/KPA0007/215.pdf","第215次大會","pdf"
"http://kupc.kcg.gov.tw/KUPC/web_upload/KPA0007/214.pdf","第214次大會","pdf"
"http://kupc.kcg.gov.tw/KUPC/web_upload/KPA0007/213.pdf","第213次大會","pdf"
"http://kupc.kcg.gov.tw/KUPC/web_upload/KPA0007/212.pdf","第212次大會","pdf"
"http://kupc.kcg.gov.tw/KUPC/web_upload/KPA0007/211.pdf","第211次大會","pdf"
"http://kupc.kcg.gov.tw/KUPC/web_upload/KPA0007/209.pdf","第209次大會","pdf"
"http://kupc.kcg.gov.tw/KUPC/web_upload/KPA0007/210.pdf","第210次大會","pdf"
"http://kupc.kcg.gov.tw/KUPC/web_upload/KPA0007/208.pdf","第208次大會","pdf"
"http://kupc.kcg.gov.tw/KUPC/web_upload/KPA0007/207.pdf","第207次大會","pdf"
"http://kupc.kcg.gov.tw/KUPC/web_upload/KPA0007/206.pdf","第206次大會","pdf"
"http://kupc.kcg.gov.tw/KUPC/web_upload/KPA0007/205.pdf","第205次大會","pdf"
"http://kupc.kcg.gov.tw/KUPC/web_upload/KPA0007/204.pdf","第204次大會","pdf"
"http://kupc.kcg.gov.tw/KUPC/web_upload/KPA0007/203.pdf","第203次大會","pdf"
"http://kupc.kcg.gov.tw/KUPC/web_upload/KPA0007/202.pdf","第202次大會","pdf"
"http://kupc.kcg.gov.tw/KUPC/web_upload/KPA0007/201.pdf","第201次大會","pdf"
"http://kupc.kcg.gov.tw/KUPC/web_upload/KPA0007/200.pdf","第200次大會","pdf"
"http://kupc.kcg.gov.tw/KUPC/web_upload/KPA0007/199.pdf","第199次大會","pdf"
"http://kupc.kcg.gov.tw/KUPC/web_upload/KPA0007/198.pdf","第198次大會","pdf"
"http://kupc.kcg.gov.tw/KUPC/web_upload/KPA0007/197.pdf","第197次大會","pdf"
"http://kupc.kcg.gov.tw/KUPC/web_upload/KPA0007/196.pdf","第196次大會","pdf"
"http://kupc.kcg.gov.tw/KUPC/web_upload/KPA0007/195.pdf","第195次大會","pdf"
"http://kupc.kcg.gov.tw/KUPC/web_upload/KPA0007/194.pdf","第194次大會","pdf"
"http://kupc.kcg.gov.tw/KUPC/web_upload/KPA0007/193.pdf","第193次大會","pdf"
"http://kupc.kcg.gov.tw/KUPC/web_upload/KPA0007/192.pdf","第192次大會","pdf"
"http://kupc.kcg.gov.tw/KUPC/web_upload/KPA0007/191.pdf","第191次大會","pdf"
"http://kupc.kcg.gov.tw/KUPC/web_upload/KPA0007/190.pdf","第190次大會","pdf"
"http://kupc.kcg.gov.tw/KUPC/web_upload/KPA0007/189.pdf","第189次大會","pdf"
"http://kupc.kcg.gov.tw/KUPC/web_upload/KPA0007/188.pdf","第188次大會","pdf"
"http://kupc.kcg.gov.tw/KUPC/web_upload/KPA0007/187.pdf","第187次大會","pdf"
"http://kupc.kcg.gov.tw/KUPC/web_upload/KPA0007/186.pdf","第186次大會","pdf"
"http://kupc.kcg.gov.tw/KUPC/web_upload/KPA0007/185.pdf","第185次大會","pdf"
"http://kupc.kcg.gov.tw/KUPC/web_upload/KPA0007/184.pdf","第184次大會","pdf"
"http://kupc.kcg.gov.tw/KUPC/web_upload/KPA0007/183.pdf","第183次大會","pdf"
"http://kupc.kcg.gov.tw/KUPC/web_upload/KPA0007/182.pdf","第182次大會","pdf"
"http://kupc.kcg.gov.tw/KUPC/web_upload/KPA0007/181.pdf","第181次大會","pdf"
"http://kupc.kcg.gov.tw/KUPC/web_upload/KPA0007/180.pdf","第180次大會","pdf"
"http://kupc.kcg.gov.tw/KUPC/web_upload/KPA0007/179.pdf","第179次大會","pdf"
"http://kupc.kcg.gov.tw/KUPC/web_upload/KPA0007/178.pdf","第178次大會","pdf"
"http://kupc.kcg.gov.tw/KUPC/web_upload/KPA0007/177.pdf","第177次大會","pdf"
"http://kupc.kcg.gov.tw/KUPC/web_upload/KPA0007/176.pdf","第176次大會","pdf"
"http://kupc.kcg.gov.tw/KUPC/web_upload/KPA0007/175.pdf","第175次大會","pdf"
"http://kupc.kcg.gov.tw/KUPC/web_upload/KPA0007/174.pdf","第174次大會","pdf"
"http://kupc.kcg.gov.tw/KUPC/web_upload/KPA0007/173.pdf","第173次大會","pdf"
"http://kupc.kcg.gov.tw/KUPC/web_upload/KPA0007/172.pdf","第172次大會","pdf"
"http://kupc.kcg.gov.tw/KUPC/web_upload/KPA0007/171.pdf","第171次大會","pdf"
"http://kupc.kcg.gov.tw/KUPC/web_upload/KPA0007/170.pdf","第170次大會","pdf"
"http://kupc.kcg.gov.tw/KUPC/web_upload/KPA0007/169.pdf","第169次大會","pdf"
"http://kupc.kcg.gov.tw/KUPC/web_upload/KPA0007/168.pdf","第168次大會","pdf"
"http://kupc.kcg.gov.tw/KUPC/web_upload/KPA0007/167.pdf","第167次大會","pdf"
"http://kupc.kcg.gov.tw/KUPC/web_upload/KPA0007/166.pdf","第166次大會","pdf"
"http://kupc.kcg.gov.tw/KUPC/web_upload/KPA0007/165.pdf","第165次大會","pdf"
"http://kupc.kcg.gov.tw/KUPC/web_upload/KPA0007/164.pdf","第164次大會","pdf"
"http://kupc.kcg.gov.tw/KUPC/web_upload/KPA0007/163.pdf","第163次大會","pdf"
"http://kupc.kcg.gov.tw/KUPC/web_upload/KPA0007/162.pdf","第162次大會","pdf"
"http://kupc.kcg.gov.tw/KUPC/web_upload/KPA0007/161.pdf","第161次大會","pdf"
"http://kupc.kcg.gov.tw/KUPC/web_upload/KPA0007/160.pdf","第160次大會","pdf"
"http://kupc.kcg.gov.tw/KUPC/web_upload/KPA0007/159.pdf","第159次大會","pdf"
"http://kupc.kcg.gov.tw/KUPC/web_upload/KPA0007/158.pdf","第158次大會","pdf"
"http://kupc.kcg.gov.tw/KUPC/web_upload/KPA0007/157.pdf","第157次大會","pdf"
"http://kupc.kcg.gov.tw/KUPC/web_upload/KPA0007/156.pdf","第156次大會","pdf"
"http://kupc.kcg.gov.tw/KUPC/web_upload/KPA0007/155.pdf","第155次大會","pdf"
